period_start,period_end,planned_trips,observed_trips,missing_trips,completeness_percent,observed_trips_with_delay
2026-09-11 00:03:36,2026-09-12 00:03:36,24627,11869,12758,48.2,
2026-09-12 00:03:36,2026-09-13 00:03:36,19969,533,19436,2.67,486.0
2026-09-13 00:03:36,2026-09-14 00:03:36,15548,657,14891,4.23,568.0
2026-09-14 00:03:36,2026-09-15 00:03:36,24229,1053,23176,4.35,998.0
2026-09-15 00:03:36,2026-09-16 00:03:36,27713,3586,24127,12.94,3298.0
2026-09-16 00:03:36,2026-09-17 00:03:36,27701,9940,17761,35.88,9722.0
2026-09-17 00:03:36,2026-09-18 00:03:36,27768,18969,8799,68.31,18492.0
2026-09-18 00:03:36,2026-09-19 00:03:36,27855,19325,8530,69.38,18962.0
2026-09-19 00:03:36,2026-09-20 00:03:36,19220,8944,10276,46.53,8811.0
2026-09-20 00:03:36,2026-09-21 00:03:36,14920,10920,4000,73.19,10777.0
2026-09-21 00:03:36,2026-09-22 00:03:36,24422,8663,15759,35.47,8395.0
2026-09-22 00:03:36,2026-09-23 00:03:36,24345,644,23701,2.65,631.0
2026-09-23 00:03:36,2026-09-24 00:03:36,24344,649,23695,2.67,632.0
2026-09-24 00:03:36,2026-09-25 00:03:36,24410,640,23770,2.62,630.0
2026-09-25 00:03:36,2026-09-26 00:03:36,24534,650,23884,2.65,640.0
2026-09-26 00:03:36,2026-09-27 00:03:36,18756,375,18381,2.0,364.0
2026-09-27 00:03:36,2026-09-28 00:03:36,13993,407,13586,2.91,404.0
2026-09-28 00:03:36,2026-09-29 00:03:36,24066,635,23431,2.64,624.0
2026-09-29 00:03:36,2026-09-30 00:03:36,24067,656,23411,2.73,642.0
2026-09-30 00:03:36,2026-10-01 00:03:36,17377,580,16797,3.34,572.0
2026-10-01 00:03:36,2026-10-02 00:03:36,17376,585,16791,3.37,583.0
2026-10-02 00:03:36,2026-10-02 14:50:28.557626,9625,353,9272,3.67,348.0
