,observation_timestamp,trip_id,start_date,line,stop_id,stop_name,stop_sequence,departure_time,departure_delay,arrival_time,arrival_delay
0,2026-09-09 00:30:20.867694,1313693,20260909,302,168949,Grillparzerstraße,0,,,,
1,2026-09-09 00:30:20.867694,69142,20260909,R8,370283,Klinikum Großhadern Ost,13,,,,
2,2026-09-09 00:30:20.867694,1143446,20260908,002,628248,Lindberghstraße,6,2026-09-08 23:58:37,-23.0,2026-09-08 23:58:37,-23.0
3,2026-09-09 00:30:20.867694,310720,20260909,7216,168949,Grillparzerstraße,34,,,,
4,2026-09-09 00:30:20.867694,297803,20260908,859,437296,"Hauptbahnhof (U, Tram)",35,2026-09-09 00:08:44,-16.0,2026-09-09 00:08:26,-34.0
5,2026-09-09 00:30:20.867694,945647,20260909,789,329250,Haidenauplatz,1,2026-09-09 00:29:00,0.0,2026-09-09 00:29:00,0.0
6,2026-09-09 00:30:20.867694,1207970,20260908,52,53578,Berg am Laim,18,2026-09-09 01:17:00,0.0,2026-09-09 01:17:00,0.0
7,2026-09-09 00:30:20.867694,843243,20260909,23,370283,Klinikum Großhadern Ost,13,,,,
8,2026-09-09 00:30:20.867694,876272,20260909,C114,370283,Klinikum Großhadern Ost,22,,,,
9,2026-09-09 00:30:20.867694,1266866,20260908,TB247,520788,Stroblstraße,18,,,2026-09-09 01:01:00,0.0
10,2026-09-09 00:30:20.867694,171230,20260909,118,370283,Klinikum Großhadern Ost,13,,,,
11,2026-09-09 00:30:20.867694,1486705,20260909,15,370283,Klinikum Großhadern Ost,18,,,,
12,2026-09-09 00:30:20.867694,1207784,20260909,281,168949,Grillparzerstraße,0,,,,
13,2026-09-09 00:30:20.867694,1385333,20260909,R,168949,Grillparzerstraße,34,,,,
14,2026-09-09 00:30:20.867694,533328,20260908,422,635825,Ostbahnhof (Bildungszentrum),8,2026-09-08 23:51:18,18.0,2026-09-08 23:50:54,54.0
15,2026-09-09 00:30:20.867694,416652,20260909,C2,370283,Klinikum Großhadern Ost,14,,,,
16,2026-09-09 00:30:20.867694,317705,20260909,882,370283,Klinikum Großhadern Ost,14,,,,
17,2026-09-09 00:30:20.867694,411331,20260909,57,168949,Grillparzerstraße,34,,,,
18,2026-09-09 00:30:20.867694,1306992,20260908,193,216103,Mariahilfplatz,19,2026-09-09 01:06:30,0.0,2026-09-09 01:06:12,0.0
19,2026-09-09 00:30:20.867694,580225,20260908,503,319414,Karlsplatz (Stachus),4,2026-09-09 00:03:06,126.0,2026-09-09 00:02:54,114.0
20,2026-09-09 00:30:20.867694,468245,20260908,154,202737,Olympiaberg,27,2026-09-09 00:31:01,1.0,2026-09-09 00:31:01,1.0
21,2026-09-09 00:30:20.867694,276072,20260909,151,168949,Grillparzerstraße,34,,,,
22,2026-09-09 00:30:20.867694,1563569,20260908,5,655568,Friedensengel/Villa Stuck,16,2026-09-09 00:25:00,60.0,2026-09-09 00:25:00,60.0
23,2026-09-09 00:30:20.867694,1085471,20260908,SEV 106,16308,Dülferstraße,7,2026-09-09 00:42:00,60.0,2026-09-09 00:41:00,60.0
24,2026-09-09 00:30:20.867694,1476791,20260908,410,661638,Münsinger Straße,5,2026-09-08 23:45:30,30.0,2026-09-08 23:45:30,30.0
25,2026-09-09 00:30:20.867694,927481,20260908,X30,109893,Schumacherring,20,2026-09-09 00:19:39,99.0,2026-09-09 00:19:39,99.0
26,2026-09-09 00:30:20.867694,734809,20260909,1,370283,Klinikum Großhadern Ost,15,,,,
27,2026-09-09 00:30:20.867694,1192854,20260909,99,168949,Grillparzerstraße,34,,,,
28,2026-09-09 00:30:20.867694,247423,20260908,4,283755,BMW-FIZ,26,2026-09-08 23:40:00,0.0,2026-09-08 23:40:00,0.0
29,2026-09-09 00:30:20.867694,450789,20260908,707,168097,"Leienfelsstraße, München",27,2026-09-08 23:50:00,0.0,,
30,2026-09-09 00:30:20.867694,55573,20260908,255,619372,Volkartstraße,30,2026-09-09 00:27:00,0.0,2026-09-09 00:27:00,0.0
31,2026-09-09 00:30:20.867694,1642584,20260909,U3,283304,Flemischweg,0,2026-09-09 00:31:00,600.0,,
32,2026-09-09 00:30:20.867694,1638314,20260908,854,675398,Baierbrunner Straße,4,2026-09-08 23:38:22,142.0,2026-09-08 23:38:22,142.0
33,2026-09-09 00:30:20.867694,1664186,20260908,135,308690,Schwabing Nord,12,2026-09-09 00:05:00,180.0,2026-09-09 00:05:00,180.0
34,2026-09-09 00:30:20.867694,1312098,20260908,26,420207,Stettnerstraße,15,2026-09-09 00:56:12,12.0,2026-09-09 00:55:54,-6.0
35,2026-09-09 00:30:20.867694,1617698,20260909,42,485268,Grillparzerstraße,6,,,,
36,2026-09-09 00:30:20.867694,1415271,20260908,X35,38886,Kriegelsteinerstraße,2,2026-09-08 23:32:42,84.0,2026-09-08 23:32:42,84.0
37,2026-09-09 00:30:20.867694,894766,20260908,690,614490,Freimann,1,,,2026-09-09 00:06:28,-32.0
38,2026-09-09 00:30:20.867694,1655731,20260908,437,397579,Arabellapark,2,2026-09-09 00:37:00,0.0,2026-09-09 00:37:00,0.0
39,2026-09-09 00:30:20.867694,641417,20260908,41,66210,Wintrichring,34,2026-09-09 01:00:00,0.0,2026-09-09 01:00:00,0.0
40,2026-09-09 00:30:20.867694,212006,20260909,U2,370283,Klinikum Großhadern Ost,14,,,,
41,2026-09-09 00:30:20.867694,770292,20260908,711,322715,Amalienburgstraße,4,2026-09-08 23:21:00,0.0,2026-09-08 23:21:00,0.0
42,2026-09-09 00:30:20.867694,860144,20260908,U76,420207,Stettnerstraße,7,2026-09-09 00:32:15,15.0,2026-09-09 00:31:57,-3.0
43,2026-09-09 00:30:20.867694,952168,20260908,E,83676,Westfriedhof,2,,,2026-09-09 00:10:09,-29.0
44,2026-09-09 00:30:20.867694,1474128,20260909,OF-99,485268,Grillparzerstraße,6,,,,
45,2026-09-09 00:30:20.867694,533623,20260909,743,370283,Klinikum Großhadern Ost,22,,,,
46,2026-09-09 00:30:20.867694,395363,20260909,24,370283,Klinikum Großhadern Ost,13,,,,
47,2026-09-09 00:30:20.867694,531776,20260908,203,51286,Kaiserhölzlstraße,22,2026-09-09 00:31:05,5.0,2026-09-09 00:31:05,5.0
48,2026-09-09 00:30:20.867694,1811399,20260908,6,207607,Kreillerstraße,1,2026-09-08 23:49:23,23.0,2026-09-08 23:49:23,23.0
49,2026-09-09 00:30:20.867694,1648964,20260908,48,424444,Lübecker Straße,9,2026-09-08 23:28:00,60.0,2026-09-08 23:26:00,0.0
50,2026-09-09 00:30:20.867694,47251,20260908,150,45162,Robinienstraße,22,2026-09-09 00:24:01,1.0,2026-09-09 00:24:01,1.0
51,2026-09-09 00:30:20.867694,1174215,20260908,203,83676,Westfriedhof,2,,,2026-09-09 00:20:09,-29.0
52,2026-09-09 00:30:20.867694,1509009,20260908,2131,451670,Hackerbrücke,29,2026-09-08 23:59:28,88.0,2026-09-08 23:59:28,88.0
53,2026-09-09 00:30:20.867694,1741927,20260909,OF-86,69121,Johanneskirchen,0,2026-09-09 05:56:00,0.0,,
54,2026-09-09 00:30:20.867694,763784,20260908,37,649893,Heckenstallerstraße,4,2026-09-08 23:57:52,52.0,2026-09-08 23:57:28,28.0
55,2026-09-09 00:30:20.867694,1594625,20260909,342,370283,Klinikum Großhadern Ost,14,,,,
56,2026-09-09 00:30:20.867694,1078672,20260909,13B,485268,Grillparzerstraße,6,,,,
57,2026-09-09 00:30:20.867694,1050405,20260908,1,27638,Hauptbahnhof Nord,3,2026-09-08 23:42:00,0.0,2026-09-08 23:42:00,0.0
58,2026-09-09 00:30:20.867694,987856,20260908,265,153307,Gräfelfinger Straße,28,2026-09-09 00:01:55,175.0,2026-09-09 00:01:55,175.0
59,2026-09-09 00:30:20.867694,91293,20260908,301,540261,Frauendorferstraße,18,,,2026-09-09 00:10:00,0.0
60,2026-09-09 00:30:20.867694,417812,20260909,690,25827,Untersbergstraße,8,2026-09-09 01:28:00,0.0,2026-09-09 01:27:00,0.0
61,2026-09-09 00:30:20.867694,1285671,20260908,283T,671504,"Fasangarten Minnewitstraße, München",0,2026-09-09 00:11:11,71.0,,
62,2026-09-09 00:30:20.867694,1532442,20260909,657,370283,Klinikum Großhadern Ost,14,,,,
63,2026-09-09 00:30:20.867694,1701535,20260909,52,168949,Grillparzerstraße,34,,,,
64,2026-09-09 00:30:20.867694,1523939,20260908,720,438191,Thiemestraße,9,2026-09-09 00:02:00,0.0,2026-09-09 00:02:00,0.0
65,2026-09-09 00:30:20.867694,1307943,20260908,632A,483618,Glötzleweg,1,,,,
66,2026-09-09 00:30:20.867694,953396,20260908,2,295739,Maxhofstraße,18,2026-09-09 00:09:31,31.0,2026-09-09 00:09:31,31.0
67,2026-09-09 00:30:20.867694,18173,20260908,171,302655,"Berg am Laim, München",1,2026-09-09 00:13:18,78.0,2026-09-09 00:13:18,78.0
68,2026-09-09 00:30:20.867694,694500,20260908,21,343364,Augustenfelder Straße,23,2026-09-09 00:05:00,0.0,2026-09-09 00:05:00,0.0
69,2026-09-09 00:30:20.867694,1047586,20260908,31,283755,BMW-FIZ,1,2026-09-09 00:01:14,74.0,2026-09-09 00:01:02,62.0
70,2026-09-09 00:30:20.867694,1047586,20260908,31,315734,Klagenfurter Straße,4,2026-09-09 00:04:20,20.0,2026-09-09 00:04:20,20.0
71,2026-09-09 00:30:20.867694,102192,20260908,5,500127,Daglfing Bahnhof Ost,17,2026-09-09 01:22:00,0.0,2026-09-09 01:22:00,0.0
72,2026-09-09 00:30:20.867694,1388807,20260908,183,260692,Daphnestraße,7,2026-09-09 00:05:29,89.0,2026-09-09 00:05:12,72.0
73,2026-09-09 00:30:20.867694,1799999,20260908,12,306467,Rathaus Pasing,5,2026-09-09 00:56:00,0.0,2026-09-09 00:56:00,0.0
74,2026-09-09 00:30:20.867694,744819,20260909,330,370283,Klinikum Großhadern Ost,22,,,,
75,2026-09-09 00:30:20.867694,1812675,20260908,165,598648,Schwanseestraße,24,,,2026-09-09 00:18:00,0.0
76,2026-09-09 00:30:20.867694,1814052,20260909,748,485268,Grillparzerstraße,6,,,,
77,2026-09-09 00:30:20.867694,187851,20260908,S70,234107,Briefzentrum,1,2026-09-09 00:17:00,0.0,2026-09-09 00:17:00,0.0
78,2026-09-09 00:30:20.867694,1366133,20260909,M1,370283,Klinikum Großhadern Ost,14,,,,
79,2026-09-09 00:30:20.867694,521375,20260908,841,561211,Klärwerk Gut Großlappen,14,2026-09-08 23:43:00,0.0,2026-09-08 23:43:00,0.0
80,2026-09-09 00:30:20.867694,1405018,20260908,312,166443,Oberwiesenfeld,5,2026-09-09 00:09:06,66.0,2026-09-09 00:09:06,66.0
81,2026-09-09 00:30:20.867694,1180256,20260908,501,433939,Wilhelm-Hoegner-Straße,50,2026-09-09 00:25:00,0.0,2026-09-09 00:25:00,0.0
82,2026-09-09 00:30:20.867694,935061,20260908,120,78977,Campingplatz Obermenzing,5,2026-09-08 23:47:09,9.0,2026-09-08 23:47:09,9.0
83,2026-09-09 00:30:20.867694,1836457,20260909,19,370283,Klinikum Großhadern Ost,15,,,,
84,2026-09-09 00:30:20.867694,131748,20260908,66,283755,BMW-FIZ,1,2026-09-09 00:18:50,-10.0,2026-09-09 00:18:40,-20.0
85,2026-09-09 00:30:20.867694,57496,20260908,259,24278,Stiglmaierplatz,1,2026-09-08 23:40:48,108.0,2026-09-08 23:40:48,108.0
86,2026-09-09 00:30:20.867694,1392200,20260908,AST1,298836,Poccistraße,15,2026-09-09 00:00:00,0.0,2026-09-09 00:00:00,0.0
87,2026-09-09 00:30:20.867694,1392200,20260908,AST1,540261,Frauendorferstraße,22,,,2026-09-09 00:10:00,0.0
88,2026-09-09 00:30:20.867694,1079991,20260908,289,41316,Englschalkinger Straße,8,2026-09-08 23:55:08,8.0,2026-09-08 23:55:08,8.0
89,2026-09-09 00:30:20.867694,276823,20260908,230,484132,Kuckucksblumenstraße,5,2026-09-09 00:13:00,0.0,,
90,2026-09-09 00:30:20.867694,1506207,20260909,90,370283,Klinikum Großhadern Ost,15,,,,
91,2026-09-09 00:30:20.867694,858966,20260909,304,168949,Grillparzerstraße,0,,,,
92,2026-09-09 00:30:20.867694,1361032,20260908,U4,249322,Erlbachstraße,17,,,,
93,2026-09-09 00:30:20.867694,1301298,20260909,607,168949,Grillparzerstraße,34,,,,
94,2026-09-09 00:30:20.867694,1476943,20260908,S2,133696,Milbertshofener Straße,26,2026-09-09 00:11:00,0.0,2026-09-09 00:11:00,0.0
95,2026-09-09 00:30:20.867694,957606,20260908,450,178732,Maistraße,0,,,,
96,2026-09-09 00:30:20.867694,158920,20260909,51,370283,Klinikum Großhadern Ost,22,,,,
97,2026-09-09 00:30:20.867694,606437,20260908,2978,354539,Studentenstadt,8,2026-09-09 00:28:00,0.0,2026-09-09 00:28:00,0.0
98,2026-09-09 00:30:20.867694,197744,20260908,HB3,333973,Tettnanger Straße,29,2026-09-09 00:11:37,-23.0,2026-09-09 00:11:37,-23.0
99,2026-09-09 00:30:20.867694,1161257,20260909,79,370283,Klinikum Großhadern Ost,22,,,,
100,2026-09-09 00:30:20.867694,1430504,20260908,135,53578,Berg am Laim,9,2026-09-09 00:44:00,0.0,2026-09-09 00:44:00,0.0
101,2026-09-09 00:30:20.867694,958901,20260908,692,335446,Untermenzing,39,2026-09-08 23:59:56,56.0,2026-09-08 23:59:56,56.0
102,2026-09-09 00:30:20.867694,1569025,20260908,1801,626811,Ostbahnhof (Post),20,2026-09-08 23:57:00,30.0,2026-09-08 23:57:00,30.0
103,2026-09-09 00:30:20.867694,174966,20260908,22,449431,Detmoldstraße,9,2026-09-09 00:41:00,0.0,2026-09-09 00:41:00,0.0
104,2026-09-09 00:30:20.867694,99867,20260909,U7,168949,Grillparzerstraße,34,,,,
105,2026-09-09 00:30:20.867694,859647,20260908,F12,343364,Augustenfelder Straße,8,2026-09-08 23:30:45,45.0,2026-09-08 23:30:30,30.0
106,2026-09-09 00:30:20.867694,550852,20260909,MS14,370283,Klinikum Großhadern Ost,14,,,,
107,2026-09-09 00:30:20.867694,1800819,20260908,651,18685,Ottilienstraße,2,2026-09-08 23:24:39,39.0,2026-09-08 23:24:39,39.0
108,2026-09-09 00:30:20.867694,1578827,20260909,1312,370283,Klinikum Großhadern Ost,13,,,,
109,2026-09-09 00:30:20.867694,1005667,20260909,51,370283,Klinikum Großhadern Ost,14,,,,
110,2026-09-09 00:30:20.867694,723683,20260908,172,311751,Asmarstraße,12,,,,
111,2026-09-09 00:30:20.867694,573997,20260909,434,485268,Grillparzerstraße,6,,,,
112,2026-09-09 00:30:20.867694,47662,20260908,S9X,659249,Trudering,1,2026-09-08 23:36:06,66.0,2026-09-08 23:36:06,66.0
113,2026-09-09 00:30:20.867694,166097,20260908,9,226846,Holbeinstraße,6,2026-09-09 00:20:51,231.0,2026-09-09 00:20:41,221.0
114,2026-09-09 00:30:20.867694,247678,20260909,860,485268,Grillparzerstraße,6,,,,
115,2026-09-09 00:30:20.867694,1168414,20260908,U78,623519,Daphnestraße,8,2026-09-09 00:30:01,1.0,2026-09-09 00:30:01,1.0
116,2026-09-09 00:30:20.867694,690763,20260908,9051,207607,Kreillerstraße,6,2026-09-09 00:26:23,83.0,2026-09-09 00:25:53,53.0
117,2026-09-09 00:30:20.867694,1529504,20260909,6103,168949,Grillparzerstraße,34,,,,
118,2026-09-09 00:30:20.867694,29850,20260909,708,370283,Klinikum Großhadern Ost,14,,,,
119,2026-09-09 00:30:20.867694,619633,20260909,731,485268,Grillparzerstraße,6,,,,
120,2026-09-09 00:30:20.867694,1050556,20260908,Linie 2,426087,Helmut-Schmidt-Allee,7,2026-09-08 23:56:00,0.0,2026-09-08 23:56:00,0.0
121,2026-09-09 00:30:20.867694,1776916,20260908,722,662718,Leutstettener Straße,4,2026-09-09 00:10:00,0.0,2026-09-09 00:10:00,0.0
122,2026-09-09 00:30:20.867694,1392074,20260909,77,485268,Grillparzerstraße,6,,,,
123,2026-09-09 00:30:20.867694,1497396,20260908,501,420207,Stettnerstraße,7,2026-09-09 00:03:06,66.0,2026-09-09 00:02:48,48.0
124,2026-09-09 00:30:20.867694,1659125,20260908,818,315429,Hans-Fischer-Straße,2,2026-09-08 23:19:34,34.0,2026-09-08 23:19:34,34.0
125,2026-09-09 00:30:20.867694,1384625,20260908,8115,20528,Staudingerstraße,4,2026-09-08 23:15:00,0.0,2026-09-08 23:15:00,0.0
126,2026-09-09 00:30:20.867694,65036,20260909,5,370283,Klinikum Großhadern Ost,13,,,,
127,2026-09-09 00:30:20.867694,369507,20260909,60,268187,Wilhelm-Hertz-Straße,9,2026-09-09 00:13:43,43.0,2026-09-09 00:13:43,43.0
128,2026-09-09 00:30:20.867694,266658,20260909,102,485268,Grillparzerstraße,6,,,,
129,2026-09-09 00:30:20.867694,1366756,20260909,301,370283,Klinikum Großhadern Ost,22,,,,
130,2026-09-09 00:30:20.867694,1403572,20260908,29,359525,Vogelloh,5,2026-09-09 02:00:00,0.0,2026-09-09 02:00:00,0.0
131,2026-09-09 00:30:20.867694,1782777,20260909,740,168949,Grillparzerstraße,34,,,,
132,2026-09-09 00:30:20.867694,9406,20260908,104,84244,Thiemestraße,1,2026-09-08 23:51:00,2100.0,2026-09-08 23:50:00,2040.0
133,2026-09-09 00:30:20.867694,1774581,20260909,C1,370283,Klinikum Großhadern Ost,14,,,,
134,2026-09-09 00:30:20.867694,219112,20260908,X30,661638,Münsinger Straße,15,2026-09-09 00:14:00,0.0,2026-09-09 00:13:49,-11.0
135,2026-09-09 00:30:20.867694,1188524,20260908,870,659249,Trudering,17,,,2026-09-09 00:25:28,148.0
136,2026-09-09 00:30:20.867694,1042637,20260908,44,566993,Maillingerstraße,21,2026-09-09 00:22:10,-50.0,2026-09-09 00:22:10,-50.0
137,2026-09-09 00:30:20.867694,58832,20260909,410,370283,Klinikum Großhadern Ost,22,,,,
138,2026-09-09 00:30:20.867694,1843673,20260909,320,370283,Klinikum Großhadern Ost,14,,,,
139,2026-09-09 00:30:20.867694,1054919,20260909,18,168949,Grillparzerstraße,0,,,,
140,2026-09-09 00:30:20.867694,346119,20260909,195,168949,Grillparzerstraße,34,,,,
141,2026-09-09 00:30:20.867694,833458,20260909,340,168949,Grillparzerstraße,0,,,,
142,2026-09-09 00:30:20.867694,191107,20260909,2,168949,Grillparzerstraße,0,,,,
143,2026-09-09 00:30:20.867694,244436,20260908,6549-AST,78089,Siedlung Ludwigsfeld,18,2026-09-09 00:40:00,0.0,2026-09-09 00:40:00,0.0
144,2026-09-09 00:30:20.867694,647923,20260909,27,168949,Grillparzerstraße,0,,,,
145,2026-09-09 00:30:20.867694,881251,20260909,CE62,673138,Zielstattstraße,12,,,2026-09-09 00:43:00,0.0
146,2026-09-09 00:30:20.867694,731245,20260908,170,523151,Candidplatz,2,2026-09-09 00:07:00,0.0,2026-09-09 00:06:48,-12.0
147,2026-09-09 00:30:20.867694,500204,20260908,VB-61,178732,Maistraße,0,2026-09-09 00:38:00,0.0,,
148,2026-09-09 00:30:20.867694,885592,20260908,190,456226,Schlüsselbergstraße,11,2026-09-09 00:07:00,0.0,2026-09-09 00:07:00,0.0
149,2026-09-09 00:30:20.867694,1618556,20260909,1701,370283,Klinikum Großhadern Ost,14,,,,
150,2026-09-09 00:30:20.867694,604596,20260908,771,24278,Stiglmaierplatz,21,2026-09-09 02:04:30,30.0,2026-09-09 02:04:15,15.0
151,2026-09-09 00:30:20.867694,737388,20260908,RNV 5,445083,Michaelibad,16,2026-09-09 00:00:20,20.0,2026-09-09 00:00:20,20.0
152,2026-09-09 00:30:20.867694,737388,20260908,RNV 5,179939,Tivolistraße,22,2026-09-09 00:06:00,60.0,2026-09-09 00:06:00,60.0
153,2026-09-09 00:30:20.867694,473560,20260908,N50,644366,Hönigschmidplatz,22,2026-09-08 23:47:00,60.0,2026-09-08 23:47:00,60.0
154,2026-09-09 00:30:20.867694,1303110,20260908,207,90975,Allach,16,2026-09-09 00:06:08,8.0,2026-09-09 00:06:08,8.0
155,2026-09-09 00:30:20.867694,1734429,20260909,540,168949,Grillparzerstraße,34,,,,
156,2026-09-09 00:30:20.867694,554346,20260909,3,370283,Klinikum Großhadern Ost,14,,,,
157,2026-09-09 00:30:20.867694,1120827,20260908,3b,433939,Wilhelm-Hoegner-Straße,41,2026-09-08 23:54:27,147.0,2026-09-08 23:54:09,129.0
158,2026-09-09 00:30:20.867694,470786,20260908,31,66210,Wintrichring,34,2026-09-09 00:30:31,31.0,2026-09-09 00:30:31,31.0
159,2026-09-09 00:30:20.867694,1704086,20260909,EW1,551228,Ampfingstraße,0,2026-09-09 05:57:00,0.0,,
160,2026-09-09 00:30:20.867694,1827753,20260908,43,456226,Schlüsselbergstraße,0,2026-09-08 23:51:00,120.0,,
161,2026-09-09 00:30:20.867694,549099,20260909,OF-92,168949,Grillparzerstraße,0,,,,
162,2026-09-09 00:30:20.867694,762743,20260908,35,249322,Erlbachstraße,25,,,,
163,2026-09-09 00:30:20.867694,1837068,20260909,RNV 31,370283,Klinikum Großhadern Ost,22,,,,
164,2026-09-09 00:30:20.867694,628652,20260908,RNV 1003,14413,Ganghoferbrücke,4,2026-09-08 23:41:00,0.0,2026-09-08 23:41:00,0.0
165,2026-09-09 00:30:20.867694,628652,20260908,RNV 1003,144557,Korbinianplatz,15,2026-09-08 23:53:48,48.0,2026-09-08 23:53:42,42.0
166,2026-09-09 00:30:20.867694,1113013,20260909,RNV 74,485268,Grillparzerstraße,6,,,,
167,2026-09-09 00:30:20.867694,1681020,20260908,324,326558,Leutstettener Straße,22,2026-09-08 23:47:57,177.0,2026-09-08 23:42:50,-10.0
168,2026-09-09 00:30:20.867694,1681020,20260908,324,421926,Kammerspiele,30,2026-09-08 23:55:34,34.0,2026-09-08 23:55:34,34.0
169,2026-09-09 00:30:20.867694,1681020,20260908,324,215454,Reitmorstraße/Sammlung Schack,36,2026-09-09 00:00:17,-43.0,2026-09-09 00:00:10,-50.0
170,2026-09-09 00:30:20.867694,644195,20260909,1612,168949,Grillparzerstraße,34,,,,
171,2026-09-09 00:30:20.867694,641828,20260908,SEV 101,424444,Lübecker Straße,8,2026-09-09 00:06:00,0.0,2026-09-09 00:05:00,0.0
172,2026-09-09 00:30:20.867694,1094452,20260908,463,174584,Süskindstraße,6,2026-09-08 23:53:00,120.0,2026-09-08 23:53:00,120.0
173,2026-09-09 00:30:20.867694,915666,20260908,395,476779,Aichacher Straße,20,2026-09-08 23:57:10,10.0,2026-09-08 23:57:10,10.0
174,2026-09-09 00:30:20.867694,1617556,20260908,383,241686,Pörtschacher Straße,24,,,2026-09-09 00:20:00,0.0
175,2026-09-09 00:30:20.867694,809652,20260908,3,661638,Münsinger Straße,5,2026-09-09 00:27:03,-57.0,2026-09-09 00:27:03,-57.0
176,2026-09-09 00:30:20.867694,28903,20260909,8850,370283,Klinikum Großhadern Ost,13,,,,
177,2026-09-09 00:30:20.867694,1407275,20260908,75,172218,Prinzregentenplatz,10,2026-09-09 00:14:00,0.0,2026-09-09 00:14:00,0.0
178,2026-09-09 00:30:20.867694,1449740,20260908,733,33764,Schweigerstraße,9,2026-09-08 23:48:00,0.0,2026-09-08 23:48:00,0.0
179,2026-09-09 00:30:20.867694,601262,20260908,1,506018,Schäftlarnstraße / Gasteig HP8,20,,,2026-09-09 00:51:03,63.0
180,2026-09-09 00:30:20.867694,738771,20260909,X6,370283,Klinikum Großhadern Ost,14,,,,
181,2026-09-09 00:30:20.867694,1688920,20260908,668,524631,Olympia-Einkaufszentrum,4,2026-09-08 23:26:00,0.0,2026-09-08 23:25:38,-22.0
182,2026-09-09 00:30:20.867694,1768888,20260908,Bür4,94586,Rotkreuzplatz,6,2026-09-08 23:30:00,60.0,2026-09-08 23:29:00,0.0
183,2026-09-09 00:30:20.867694,429609,20260908,173,635825,Ostbahnhof (Bildungszentrum),8,2026-09-09 00:21:18,18.0,2026-09-09 00:20:54,54.0
184,2026-09-09 00:30:20.867694,1201382,20260908,22,326558,Leutstettener Straße,33,,,2026-09-09 00:06:23,-217.0
185,2026-09-09 00:30:20.867694,264914,20260909,182,168949,Grillparzerstraße,34,,,,
186,2026-09-09 00:30:20.867694,345402,20260908,371,76902,Mönchbergstraße,13,2026-09-08 23:26:32,32.0,2026-09-08 23:26:32,32.0
187,2026-09-09 00:30:20.867694,422622,20260908,M36,347329,Helsinkistraße,42,,,2026-09-09 00:10:33,-57.0
188,2026-09-09 00:30:20.867694,725135,20260908,276,202737,Olympiaberg,27,2026-09-09 01:11:00,0.0,2026-09-09 01:11:00,0.0
189,2026-09-09 00:30:20.867694,1554985,20260909,318,370283,Klinikum Großhadern Ost,14,,,,
190,2026-09-09 00:30:20.867694,722255,20260908,U3,249322,Erlbachstraße,17,,,,
191,2026-09-09 00:30:20.867694,828318,20260908,570,674507,"Englschalkinger Straße, München",2,2026-09-08 23:43:09,189.0,2026-09-08 23:42:54,174.0
192,2026-09-09 00:30:20.867694,1118863,20260909,58,168949,Grillparzerstraße,0,,,,
193,2026-09-09 00:30:20.867694,1220919,20260909,135,370283,Klinikum Großhadern Ost,22,,,,
194,2026-09-09 00:30:20.867694,1078835,20260908,747,562262,Ostbahnhof (Post),3,2026-09-08 23:00:00,0.0,2026-09-08 22:58:00,0.0
195,2026-09-09 00:30:20.867694,1331585,20260909,251,168949,Grillparzerstraße,0,,,,
196,2026-09-09 00:30:20.867694,1441066,20260909,U1,168949,Grillparzerstraße,34,,,,
197,2026-09-09 00:30:20.867694,1544548,20260909,37,485268,Grillparzerstraße,6,,,,
198,2026-09-09 00:30:20.867694,420756,20260909,250,168949,Grillparzerstraße,0,,,,
199,2026-09-09 00:30:20.867694,1383747,20260908,68,500127,Daglfing Bahnhof Ost,17,2026-09-08 23:49:00,0.0,2026-09-08 23:49:00,0.0
200,2026-09-09 00:30:20.867694,813875,20260908,16,394484,Alois-Hahn-Weg,4,2026-09-09 00:36:30,30.0,2026-09-09 00:36:30,30.0
201,2026-09-09 00:30:20.867694,329403,20260908,227,393306,Obersendling,17,2026-09-09 00:03:00,0.0,2026-09-09 00:01:23,-97.0
202,2026-09-09 00:30:20.867694,1783975,20260909,3,370283,Klinikum Großhadern Ost,14,,,,
203,2026-09-09 00:30:20.867694,1414632,20260908,351,681786,Ingolstädter Straße,2,2026-09-09 00:00:13,253.0,2026-09-09 00:00:13,253.0
204,2026-09-09 00:30:20.867694,332659,20260909,RB59,370283,Klinikum Großhadern Ost,13,,,,
205,2026-09-09 00:30:20.867694,359538,20260908,R15,635825,Ostbahnhof (Bildungszentrum),8,2026-09-09 00:57:18,18.0,2026-09-09 00:56:54,54.0
206,2026-09-09 00:30:20.867694,65455,20260908,16,157072,Aidenbachstraße,0,2026-09-08 23:48:30,0.0,,
207,2026-09-09 00:30:20.867694,549842,20260909,529,370283,Klinikum Großhadern Ost,13,,,,
208,2026-09-09 00:30:20.867694,831028,20260908,420,405445,Giesing,13,2026-09-08 23:46:00,60.0,2026-09-08 23:46:00,60.0
209,2026-09-09 00:30:20.867694,942325,20260909,955,168949,Grillparzerstraße,0,,,,
210,2026-09-09 00:30:20.867694,577587,20260909,U6,370283,Klinikum Großhadern Ost,22,,,,
211,2026-09-09 00:30:20.867694,424493,20260909,343,370283,Klinikum Großhadern Ost,15,,,,
212,2026-09-09 00:30:20.867694,1629042,20260908,7056,319414,Karlsplatz (Stachus),4,2026-09-09 00:16:24,24.0,2026-09-09 00:16:12,12.0
213,2026-09-09 00:30:20.867694,1199717,20260908,8892,53578,Berg am Laim,18,2026-09-09 02:17:00,0.0,2026-09-09 02:17:00,0.0
214,2026-09-09 00:30:20.867694,1794704,20260908,52,647435,Fürstenrieder Straße,4,2026-09-09 00:01:00,0.0,2026-09-09 00:01:00,0.0
215,2026-09-09 00:30:20.867694,1171085,20260908,623,24278,Stiglmaierplatz,21,2026-09-09 01:04:30,30.0,2026-09-09 01:04:15,15.0
216,2026-09-09 00:30:20.867694,398338,20260908,2,560568,Nailastraße,24,2026-09-08 23:59:14,134.0,2026-09-08 23:59:14,134.0
217,2026-09-09 00:30:20.867694,1633144,20260909,75,485268,Grillparzerstraße,6,,,,
218,2026-09-09 00:30:20.867694,1778109,20260909,571,370283,Klinikum Großhadern Ost,22,,,,
219,2026-09-09 00:30:20.867694,1127356,20260908,X41,109893,Schumacherring,20,2026-09-08 23:58:00,0.0,2026-09-08 23:58:00,0.0
220,2026-09-09 00:30:20.867694,1127356,20260908,X41,426778,Oberhofer Platz,32,2026-09-09 00:13:00,0.0,2026-09-09 00:13:00,0.0
221,2026-09-09 00:30:20.867694,1271589,20260909,1404,485268,Grillparzerstraße,6,,,,
222,2026-09-09 00:30:20.867694,1296761,20260909,S40,260692,Daphnestraße,7,2026-09-09 01:16:00,0.0,2026-09-09 01:16:00,0.0
223,2026-09-09 00:30:20.867694,1357560,20260909,51,485268,Grillparzerstraße,6,,,,
224,2026-09-09 00:30:20.867694,888764,20260909,041,370283,Klinikum Großhadern Ost,14,,,,
225,2026-09-09 00:30:20.867694,910848,20260908,832,607142,Moosach,1,2026-09-08 23:49:00,0.0,2026-09-08 23:49:00,0.0
226,2026-09-09 00:30:20.867694,1344257,20260909,1598,168949,Grillparzerstraße,0,,,,
227,2026-09-09 00:30:20.867694,1199277,20260908,141,113738,Kunihohstraße,27,2026-09-09 00:19:01,121.0,2026-09-09 00:19:01,121.0
228,2026-09-09 00:30:20.867694,1450439,20260908,69,523151,Candidplatz,2,2026-09-09 00:21:00,0.0,2026-09-09 00:20:48,-12.0
229,2026-09-09 00:30:20.867694,1775736,20260908,006,484132,Kuckucksblumenstraße,5,2026-09-08 23:33:00,0.0,2026-09-08 23:33:00,0.0
230,2026-09-09 00:30:20.867694,388890,20260909,833,370283,Klinikum Großhadern Ost,22,,,,
231,2026-09-09 00:30:20.867694,1309295,20260908,530,319414,Karlsplatz (Stachus),4,2026-09-09 00:31:24,24.0,2026-09-09 00:31:12,12.0
232,2026-09-09 00:30:20.867694,724885,20260909,724,370283,Klinikum Großhadern Ost,13,,,,
233,2026-09-09 00:30:20.867694,259366,20260908,3,24278,Stiglmaierplatz,1,2026-09-08 23:26:15,15.0,2026-09-08 23:26:00,0.0
234,2026-09-09 00:30:20.867694,1201424,20260909,301,485268,Grillparzerstraße,6,,,,
235,2026-09-09 00:30:20.867694,388469,20260908,220,547011,Röblingweg,5,2026-09-09 00:25:08,-52.0,2026-09-09 00:25:08,-52.0
236,2026-09-09 00:30:20.867694,401846,20260908,463,324380,Josef-Frankl-Straße,3,2026-09-08 23:38:24,0.0,2026-09-08 23:38:24,0.0
237,2026-09-09 00:30:20.867694,1024880,20260908,185,500127,Daglfing Bahnhof Ost,1,2026-09-08 23:56:00,0.0,2026-09-08 23:56:00,0.0
238,2026-09-09 00:30:20.867694,502819,20260908,83,615482,Fachnerstraße,14,,,2026-09-09 00:34:53,-37.0
239,2026-09-09 00:30:20.867694,129661,20260908,X492,249322,Erlbachstraße,8,,,,
240,2026-09-09 00:30:20.867694,186504,20260908,OF-51,1107,Avenariusplatz,13,2026-09-08 23:49:22,142.0,2026-09-08 23:49:22,142.0
241,2026-09-09 00:30:20.867694,730374,20260909,N73,370283,Klinikum Großhadern Ost,14,,,,
242,2026-09-09 00:30:20.867694,1609205,20260908,U5,609455,Deutsches Museum,14,2026-09-09 00:42:00,0.0,2026-09-09 00:41:00,0.0
243,2026-09-09 00:30:20.867694,1800787,20260909,1,370283,Klinikum Großhadern Ost,14,,,,
244,2026-09-09 00:30:20.867694,1809551,20260909,252,485268,Grillparzerstraße,6,,,,
245,2026-09-09 00:30:20.867694,1115790,20260908,43,306467,Rathaus Pasing,5,2026-09-08 23:58:47,167.0,2026-09-08 23:58:47,167.0
246,2026-09-09 00:30:20.867694,1718851,20260909,S9X,168949,Grillparzerstraße,34,,,,
247,2026-09-09 00:30:20.867694,1489048,20260908,310,607758,Allach Bf. Ost,25,2026-09-09 00:32:00,0.0,2026-09-09 00:30:32,-88.0
248,2026-09-09 00:30:20.867694,1317949,20260909,M2,211934,Lamprechtstraße,5,2026-09-09 00:15:26,206.0,2026-09-09 00:15:26,206.0
249,2026-09-09 00:30:20.867694,1686701,20260908,261,381796,Lassallestraße,6,2026-09-08 23:58:00,0.0,,
250,2026-09-09 00:30:20.867694,1601767,20260909,6,485268,Grillparzerstraße,6,,,,
251,2026-09-09 00:30:20.867694,779395,20260908,36,673138,Zielstattstraße,12,,,2026-09-09 00:23:50,1250.0
252,2026-09-09 00:30:20.867694,1630146,20260908,U6,609455,Deutsches Museum,14,2026-09-08 23:42:00,0.0,2026-09-08 23:41:00,0.0
253,2026-09-09 00:30:20.867694,1522908,20260908,U79,627802,Schwabinger Tor,19,2026-09-08 23:35:15,75.0,2026-09-08 23:35:15,75.0
254,2026-09-09 00:30:20.867694,1629681,20260908,599,194150,Nymphenburg Süd,26,2026-09-09 01:00:00,240.0,2026-09-09 00:59:00,240.0
255,2026-09-09 00:30:20.867694,247627,20260908,SB52,22613,Freiham Bf (Süd),0,2026-09-09 00:34:00,0.0,,
256,2026-09-09 00:30:20.867694,561243,20260909,X710,485268,Grillparzerstraße,6,,,,
257,2026-09-09 00:30:20.867694,1837097,20260908,759,661638,Münsinger Straße,15,2026-09-09 00:48:00,0.0,2026-09-09 00:47:48,-12.0
258,2026-09-09 00:30:20.867694,1303754,20260908,167,622688,Donnersbergerstraße,11,,,2026-09-09 00:35:00,0.0
259,2026-09-09 00:30:20.867694,1812566,20260908,642.3,610242,Baumkirchner Platz,10,2026-09-08 23:52:00,0.0,2026-09-08 23:52:00,0.0
260,2026-09-09 00:30:20.867694,1812566,20260908,642.3,364077,Winzererstraße,13,2026-09-08 23:54:00,0.0,2026-09-08 23:54:00,0.0
261,2026-09-09 00:30:20.867694,916970,20260908,337,524631,Olympia-Einkaufszentrum,1,2026-09-08 23:41:00,0.0,2026-09-08 23:40:38,-22.0
262,2026-09-09 00:30:20.867694,1210974,20260908,39,53585,Eberlestraße,33,2026-09-09 00:16:10,70.0,2026-09-09 00:16:10,70.0
263,2026-09-09 00:30:20.867694,1384673,20260908,302,260896,Domagkstraße,16,2026-09-08 23:40:54,174.0,2026-09-08 23:40:13,193.0
264,2026-09-09 00:30:20.867694,366274,20260908,705,331174,Ludwigsbrücke,0,2026-09-08 23:35:00,0.0,,
265,2026-09-09 00:30:20.867694,366274,20260909,705,331174,Ludwigsbrücke,0,2026-09-09 23:35:00,0.0,,
266,2026-09-09 00:30:20.867694,970557,20260909,869,370283,Klinikum Großhadern Ost,13,,,,
267,2026-09-09 00:30:20.867694,1690400,20260908,84,370579,Alois-Wolfmüller-Straße,11,2026-09-08 23:55:00,0.0,2026-09-08 23:55:00,0.0
268,2026-09-09 00:30:20.867694,1763037,20260909,200,370283,Klinikum Großhadern Ost,22,,,,
269,2026-09-09 00:30:20.867694,1725138,20260909,4,168949,Grillparzerstraße,34,,,,
270,2026-09-09 00:30:20.867694,200817,20260908,126,524631,Olympia-Einkaufszentrum,4,2026-09-08 23:46:00,0.0,2026-09-08 23:45:38,-22.0
271,2026-09-09 00:30:20.867694,685932,20260909,805,168949,Grillparzerstraße,0,,,,
272,2026-09-09 00:30:20.867694,1356112,20260908,26,206806,Ackermannstraße,21,2026-09-08 23:44:27,1917.0,2026-09-08 23:43:35,1889.0
273,2026-09-09 00:30:20.867694,266574,20260909,62,168949,Grillparzerstraße,34,,,,
274,2026-09-09 00:30:20.867694,1427492,20260908,3,259954,Georg-Brauchle-Haus,34,2026-09-09 00:01:44,-166.0,2026-09-09 00:01:44,-166.0
275,2026-09-09 00:30:20.867694,728495,20260908,934A,661638,Münsinger Straße,5,2026-09-09 00:14:54,114.0,2026-09-09 00:14:54,114.0
276,2026-09-09 00:30:20.867694,520033,20260908,9,253878,Riederstraße,6,2026-09-08 23:50:00,0.0,2026-09-08 23:50:00,0.0
277,2026-09-09 00:30:20.867694,775503,20260909,30,168949,Grillparzerstraße,0,,,,
278,2026-09-09 00:30:20.867694,1714507,20260908,339,322715,Amalienburgstraße,4,2026-09-09 00:13:40,40.0,2026-09-09 00:13:40,40.0
279,2026-09-09 00:30:20.867694,28363,20260909,444,370283,Klinikum Großhadern Ost,13,,,,
280,2026-09-09 00:30:20.867694,794686,20260908,211 AST,610242,Baumkirchner Platz,47,2026-09-09 00:52:45,165.0,2026-09-09 00:52:45,165.0
281,2026-09-09 00:30:20.867694,668107,20260908,62,343364,Augustenfelder Straße,8,2026-09-08 23:15:45,45.0,2026-09-08 23:15:30,30.0
282,2026-09-09 00:30:20.867694,232138,20260909,4,168949,Grillparzerstraße,0,,,,
283,2026-09-09 00:30:20.867694,1624921,20260908,2,407747,Umschlagbahnhof,22,2026-09-08 23:54:48,228.0,2026-09-08 23:52:54,114.0
284,2026-09-09 00:30:20.867694,91816,20260908,46,283755,BMW-FIZ,1,2026-09-08 23:38:00,0.0,,
285,2026-09-09 00:30:20.867694,558360,20260908,2,491376,Gundermannstraße,6,2026-09-09 00:15:11,71.0,2026-09-09 00:15:11,71.0
286,2026-09-09 00:30:20.867694,949747,20260909,503,370283,Klinikum Großhadern Ost,22,,,,
287,2026-09-09 00:30:20.867694,956716,20260908,RNV 1,524631,Olympia-Einkaufszentrum,4,2026-09-09 00:26:00,0.0,2026-09-09 00:25:38,-22.0
288,2026-09-09 00:30:20.867694,1718669,20260908,15,157072,Aidenbachstraße,16,,,2026-09-09 00:10:30,0.0
289,2026-09-09 00:30:20.867694,1805175,20260908,X15,476779,Aichacher Straße,4,2026-09-09 00:03:00,0.0,2026-09-09 00:03:00,0.0
290,2026-09-09 00:30:20.867694,880911,20260909,630,370283,Klinikum Großhadern Ost,14,,,,
291,2026-09-09 00:30:20.867694,437772,20260908,1,393482,Isarring,45,,,2026-09-09 00:19:30,30.0
292,2026-09-09 00:30:20.867694,1028297,20260908,301,286090,Lustheimstraße,24,2026-09-08 23:59:14,74.0,2026-09-08 23:59:14,74.0
293,2026-09-09 00:30:20.867694,10581,20260908,67,584665,St.-Quirin-Platz,2,2026-09-09 00:16:24,24.0,2026-09-09 00:16:24,24.0
294,2026-09-09 00:30:20.867694,1325342,20260909,742,485268,Grillparzerstraße,6,,,,
295,2026-09-09 00:30:20.867694,235197,20260908,R63,216103,Mariahilfplatz,19,2026-09-09 00:36:30,0.0,2026-09-09 00:36:12,0.0
296,2026-09-09 00:30:20.867694,1354698,20260909,62,370283,Klinikum Großhadern Ost,22,,,,
297,2026-09-09 00:30:20.867694,633647,20260909,E302,370283,Klinikum Großhadern Ost,22,,,,
298,2026-09-09 00:30:20.867694,1780639,20260909,285,370283,Klinikum Großhadern Ost,13,,,,
299,2026-09-09 00:30:20.867694,1295820,20260908,4,598648,Schwanseestraße,17,,,2026-09-09 00:10:24,84.0
300,2026-09-09 00:30:20.867694,202124,20260909,15,168949,Grillparzerstraße,34,,,,
301,2026-09-09 00:30:20.867694,1070083,20260909,64,168949,Grillparzerstraße,0,,,,
302,2026-09-09 00:30:20.867694,1290094,20260909,11,168949,Grillparzerstraße,34,,,,
303,2026-09-09 00:30:20.867694,522610,20260908,1084,434828,Milbertshofen,17,2026-09-08 23:48:48,48.0,2026-09-08 23:48:27,27.0
304,2026-09-09 00:30:20.867694,1019077,20260908,AST,391937,Potsdamer Straße,11,2026-09-09 00:09:49,-911.0,2026-09-09 00:09:49,-911.0
305,2026-09-09 00:30:20.867694,986955,20260909,673,168949,Grillparzerstraße,0,,,,
306,2026-09-09 00:30:20.867694,581229,20260909,542,168949,Grillparzerstraße,34,,,,
307,2026-09-09 00:30:20.867694,1041077,20260908,418,617652,Lehrer-Wirth-Straße,10,2026-09-09 00:21:00,0.0,2026-09-09 00:20:02,-58.0
308,2026-09-09 00:30:20.867694,1773459,20260909,23,370283,Klinikum Großhadern Ost,22,,,,
309,2026-09-09 00:30:20.867694,600287,20260909,393,370283,Klinikum Großhadern Ost,22,,,,
310,2026-09-09 00:30:20.867694,956916,20260908,56,137606,Isartor,2,2026-09-08 23:49:52,52.0,2026-09-08 23:49:52,52.0
311,2026-09-09 00:30:20.867694,1639080,20260909,1,370283,Klinikum Großhadern Ost,13,,,,
312,2026-09-09 00:30:20.867694,1591105,20260908,RE17,111999,Wörthstraße,9,2026-09-09 00:03:00,0.0,2026-09-09 00:02:48,-12.0
313,2026-09-09 00:30:20.867694,1035076,20260909,U9,329250,Haidenauplatz,1,2026-09-09 00:09:33,33.0,2026-09-09 00:09:33,33.0
314,2026-09-09 00:30:20.867694,1658636,20260909,73,168949,Grillparzerstraße,34,,,,
315,2026-09-09 00:30:20.867694,1612731,20260908,340,64416,Perlschneiderstraße,8,2026-09-09 00:03:00,0.0,2026-09-09 00:03:00,0.0
316,2026-09-09 00:30:20.867694,1832772,20260908,46,501184,Hasenbergl Süd,11,2026-09-09 00:07:58,-62.0,2026-09-09 00:07:58,-62.0
317,2026-09-09 00:30:20.867694,1742666,20260909,786,485268,Grillparzerstraße,6,,,,
318,2026-09-09 00:30:20.867694,1554569,20260908,54,687709,Friedrich-Engels-Bogen,6,2026-09-09 00:10:00,0.0,2026-09-09 00:10:00,0.0
319,2026-09-09 00:30:20.867694,572799,20260909,70,370283,Klinikum Großhadern Ost,14,,,,
320,2026-09-09 00:30:20.867694,44256,20260908,4400,60895,Staufener Straße,21,2026-09-09 00:18:00,0.0,2026-09-09 00:18:00,0.0
321,2026-09-09 00:30:20.867694,25526,20260908,U6,53585,Eberlestraße,33,2026-09-09 01:17:37,157.0,2026-09-09 01:17:37,157.0
322,2026-09-09 00:30:20.867694,432912,20260909,3,370283,Klinikum Großhadern Ost,15,,,,
323,2026-09-09 00:30:20.867694,1829788,20260908,N60,560068,Togostraße,29,2026-09-09 00:06:44,-16.0,2026-09-09 00:06:44,-16.0
324,2026-09-09 00:30:20.867694,946274,20260909,741,370283,Klinikum Großhadern Ost,22,,,,
325,2026-09-09 00:30:20.867694,433962,20260908,430,147434,Paulaner Brauerei,17,2026-09-09 00:07:00,0.0,2026-09-09 00:06:40,-20.0
326,2026-09-09 00:30:20.867694,433962,20260908,430,494856,Ettalstraße,24,2026-09-09 00:21:07,127.0,2026-09-09 00:21:07,127.0
327,2026-09-09 00:30:20.867694,1746793,20260909,RS4,485268,Grillparzerstraße,6,,,,
328,2026-09-09 00:30:20.867694,153592,20260908,359,22613,Freiham Bf (Süd),0,2026-09-09 00:17:00,0.0,,
329,2026-09-09 00:30:20.867694,1510808,20260909,1755,644366,Hönigschmidplatz,22,,,,
330,2026-09-09 00:30:20.867694,1553576,20260908,10,449431,Detmoldstraße,9,2026-09-09 00:01:00,0.0,2026-09-09 00:01:00,0.0
331,2026-09-09 00:30:20.867694,1039299,20260908,393,249322,Erlbachstraße,8,,,,
332,2026-09-09 00:30:20.867694,1174638,20260908,U8,237705,Langwieder See,7,,,2026-09-09 00:15:00,60.0
333,2026-09-09 00:30:20.867694,73041,20260908,739,394484,Alois-Hahn-Weg,4,2026-09-08 23:52:31,91.0,2026-09-08 23:52:31,91.0
334,2026-09-09 00:30:20.867694,1625264,20260908,159,240663,Benderstraße,10,2026-09-08 23:58:53,53.0,2026-09-08 23:58:49,49.0
335,2026-09-09 00:30:20.867694,533079,20260909,110,168949,Grillparzerstraße,0,,,,
336,2026-09-09 00:30:20.867694,253752,20260909,549,370283,Klinikum Großhadern Ost,13,,,,
337,2026-09-09 00:30:20.867694,1253833,20260909,T2,485268,Grillparzerstraße,6,,,,
338,2026-09-09 00:30:20.867694,364950,20260908,19,517338,Nesselwanger Straße,15,2026-09-09 00:00:30,60.0,2026-09-09 00:00:30,60.0
339,2026-09-09 00:30:20.867694,1638004,20260909,U2,370283,Klinikum Großhadern Ost,13,,,,
340,2026-09-09 00:30:20.867694,663015,20260909,4,370283,Klinikum Großhadern Ost,13,,,,
341,2026-09-09 00:30:20.867694,1564416,20260909,209,370283,Klinikum Großhadern Ost,14,,,,
342,2026-09-09 00:30:20.867694,8596,20260908,192,22613,Freiham Bf (Süd),0,,,2026-09-08 23:32:29,29.0
343,2026-09-09 00:30:20.867694,898688,20260908,5021,327142,Thalkirchen (Tierpark),15,2026-09-09 00:10:48,-12.0,2026-09-09 00:10:48,-12.0
344,2026-09-09 00:30:20.867694,831686,20260909,142,370283,Klinikum Großhadern Ost,22,,,,
345,2026-09-09 00:30:20.867694,1298909,20260908,AST 226,272590,Rotkreuzplatz,13,2026-09-09 00:19:00,0.0,,
346,2026-09-09 00:30:20.867694,1283276,20260908,300,607758,Allach Bf. Ost,11,2026-09-08 23:47:00,60.0,2026-09-08 23:47:00,60.0
347,2026-09-09 00:30:20.867694,1320659,20260908,U1,249322,Erlbachstraße,25,,,,
348,2026-09-09 00:30:20.867694,1098794,20260909,69,168949,Grillparzerstraße,34,,,,
349,2026-09-09 00:30:20.867694,1425815,20260909,RNV 74,168949,Grillparzerstraße,34,,,,
350,2026-09-09 00:30:20.867694,189232,20260909,622,370283,Klinikum Großhadern Ost,13,,,,
351,2026-09-09 00:30:20.867694,276747,20260908,257,394484,Alois-Hahn-Weg,4,2026-09-09 00:09:08,248.0,2026-09-09 00:08:59,239.0
352,2026-09-09 00:30:20.867694,351926,20260908,287,554714,Nederlinger Straße (West),2,2026-09-08 23:51:08,68.0,2026-09-08 23:51:08,68.0
353,2026-09-09 00:30:20.867694,627648,20260909,U47,370283,Klinikum Großhadern Ost,22,,,,
354,2026-09-09 00:30:20.867694,353027,20260908,U6,296478,Dachstraße,2,2026-09-08 23:42:00,0.0,,
355,2026-09-09 00:30:20.867694,800658,20260908,155,140696,Preußenstraße,4,2026-09-09 00:04:05,5.0,2026-09-09 00:04:05,5.0
356,2026-09-09 00:30:20.867694,1495543,20260908,281,491376,Gundermannstraße,6,2026-09-08 23:54:00,0.0,2026-09-08 23:54:00,0.0
357,2026-09-09 00:30:20.867694,1303244,20260909,165,485268,Grillparzerstraße,6,,,,
358,2026-09-09 00:30:20.867694,1144509,20260908,921,437296,"Hauptbahnhof (U, Tram)",11,2026-09-08 23:14:00,0.0,2026-09-08 23:13:47,-13.0
359,2026-09-09 00:30:20.867694,907288,20260908,RT780,397579,Arabellapark,2,2026-09-09 00:57:00,0.0,2026-09-09 00:57:00,0.0
360,2026-09-09 00:30:20.867694,424181,20260909,57,370283,Klinikum Großhadern Ost,14,,,,
361,2026-09-09 00:30:20.867694,796861,20260909,640,370283,Klinikum Großhadern Ost,14,,,,
362,2026-09-09 00:30:20.867694,42477,20260909,U3,549058,Kurfürstenplatz,7,2026-09-09 00:22:02,2.0,2026-09-09 00:21:49,-11.0
363,2026-09-09 00:30:20.867694,1211399,20260908,X34,207607,Kreillerstraße,20,2026-09-09 00:15:00,0.0,2026-09-09 00:15:00,0.0
364,2026-09-09 00:30:20.867694,276540,20260908,4,3129,Machtlfinger Straße,6,,,2026-09-09 00:14:00,0.0
365,2026-09-09 00:30:20.867694,1281033,20260908,U1,16308,Dülferstraße,2,2026-09-09 00:04:02,62.0,2026-09-08 23:56:07,67.0
366,2026-09-09 00:30:20.867694,459076,20260908,225,524631,Olympia-Einkaufszentrum,1,2026-09-09 00:16:00,0.0,2026-09-09 00:15:38,-22.0
367,2026-09-09 00:30:20.867694,1330247,20260908,570,295739,Maxhofstraße,18,2026-09-08 23:40:06,66.0,2026-09-08 23:40:06,66.0
368,2026-09-09 00:30:20.867694,1090977,20260908,SEV14,407747,Umschlagbahnhof,0,2026-09-08 23:48:58,58.0,,
369,2026-09-09 00:30:20.867694,1844533,20260909,375,168949,Grillparzerstraße,34,,,,
370,2026-09-09 00:30:20.867694,881991,20260908,C1,548103,Schlörstraße,9,2026-09-08 23:55:29,29.0,2026-09-08 23:55:14,14.0
371,2026-09-09 00:30:20.867694,297868,20260908,301,177894,Tivolistraße,0,2026-09-09 00:06:00,0.0,,
372,2026-09-09 00:30:20.867694,1056533,20260908,807,563225,Otto-Warburg-Straße,4,2026-09-09 00:24:00,0.0,2026-09-09 00:24:00,0.0
373,2026-09-09 00:30:20.867694,154463,20260909,5,673138,Zielstattstraße,0,2026-09-09 00:55:00,0.0,,
374,2026-09-09 00:30:20.867694,758063,20260908,NE8,342514,Blumenau,1,2026-09-09 00:10:11,71.0,2026-09-09 00:10:11,71.0
375,2026-09-09 00:30:20.867694,109407,20260908,SB7,443879,Hofbrunnstraße,12,2026-09-08 23:53:03,1563.0,2026-09-08 23:52:56,1556.0
376,2026-09-09 00:30:20.867694,109407,20260908,SB7,240159,Karl-von-Roth-Straße,22,2026-09-09 00:03:24,1224.0,2026-09-09 00:03:12,1212.0
377,2026-09-09 00:30:20.867694,1552624,20260909,BB3,168949,Grillparzerstraße,0,,,,
378,2026-09-09 00:30:20.867694,984979,20260909,M2,489876,Königsplatz,2,2026-09-09 00:29:00,0.0,2026-09-09 00:29:00,0.0
379,2026-09-09 00:30:20.867694,984979,20260909,M2,68739,Kurfürstenplatz,3,2026-09-09 00:30:00,0.0,2026-09-09 00:30:00,0.0
380,2026-09-09 00:30:20.867694,858524,20260908,737,322697,Mutschellestraße,47,2026-09-09 00:03:00,0.0,2026-09-09 00:03:00,0.0
381,2026-09-09 00:30:20.867694,737545,20260908,U72,687709,Friedrich-Engels-Bogen,6,2026-09-08 23:40:00,0.0,2026-09-08 23:40:00,0.0
382,2026-09-09 00:30:20.867694,1304369,20260909,107,168949,Grillparzerstraße,34,,,,
383,2026-09-09 00:30:20.867694,1841569,20260908,502,94586,Rotkreuzplatz,6,2026-09-09 00:01:00,120.0,2026-09-09 00:00:00,60.0
384,2026-09-09 00:30:20.867694,252466,20260909,33,370283,Klinikum Großhadern Ost,22,,,,
385,2026-09-09 00:30:20.867694,1760818,20260909,109,370283,Klinikum Großhadern Ost,13,,,,
386,2026-09-09 00:30:20.867694,986712,20260908,U17,380940,Max-Weber-Platz,32,2026-09-09 00:15:00,0.0,2026-09-09 00:14:36,-24.0
387,2026-09-09 00:30:20.867694,136298,20260908,SB66,211934,Lamprechtstraße,5,2026-09-08 23:32:03,123.0,2026-09-08 23:32:03,123.0
388,2026-09-09 00:30:20.867694,1718914,20260908,38,347329,Helsinkistraße,0,2026-09-09 00:18:18,138.0,,
389,2026-09-09 00:30:20.867694,555203,20260908,8230,400722,Kapuzinerstraße,0,2026-09-08 23:36:50,50.0,,
390,2026-09-09 00:30:20.867694,67467,20260908,R51,420207,Stettnerstraße,15,2026-09-09 00:27:00,60.0,2026-09-09 00:26:42,42.0
391,2026-09-09 00:30:20.867694,1014243,20260908,18,451670,Hackerbrücke,10,2026-09-09 00:20:03,63.0,2026-09-09 00:20:03,63.0
392,2026-09-09 00:30:20.867694,634278,20260909,BürgerBus,370283,Klinikum Großhadern Ost,13,,,,
393,2026-09-09 00:30:20.867694,1113560,20260908,M4,249322,Erlbachstraße,25,,,,
394,2026-09-09 00:30:20.867694,573694,20260909,283,485268,Grillparzerstraße,6,,,,
395,2026-09-09 00:30:20.867694,1110299,20260909,20,370283,Klinikum Großhadern Ost,22,,,,
396,2026-09-09 00:30:20.867694,483791,20260909,40,370283,Klinikum Großhadern Ost,13,,,,
397,2026-09-09 00:30:20.867694,88297,20260908,18,39411,Innsbrucker Ring,19,2026-09-09 00:46:07,7.0,2026-09-09 00:46:07,7.0
398,2026-09-09 00:30:20.867694,1451538,20260908,1,3129,Machtlfinger Straße,6,,,2026-09-09 00:24:00,0.0
399,2026-09-09 00:30:20.867694,1707012,20260909,210,370283,Klinikum Großhadern Ost,14,,,,
400,2026-09-09 00:30:20.867694,1555187,20260908,VB-71,97782,Jaspersallee,6,2026-09-09 00:18:00,0.0,2026-09-09 00:18:00,0.0
401,2026-09-09 00:30:20.867694,1555187,20260908,VB-71,85487,Hatzelweg,13,2026-09-09 01:37:00,0.0,2026-09-09 01:37:00,0.0
402,2026-09-09 00:30:20.867694,1083504,20260909,607,370283,Klinikum Großhadern Ost,13,,,,
403,2026-09-09 00:30:20.867694,258079,20260908,T12,516879,Heimburgstraße,6,2026-09-09 00:11:18,-42.0,2026-09-09 00:11:00,-60.0
404,2026-09-09 00:30:20.867694,1383096,20260908,5,481825,St.-Veit-Straße,20,2026-09-08 22:52:44,1724.0,2026-09-08 22:52:44,1784.0
405,2026-09-09 00:30:20.867694,1271219,20260908,10,673410,Heimeranplatz,22,2026-09-08 23:56:00,0.0,2026-09-08 23:56:00,0.0
406,2026-09-09 00:30:20.867694,1211436,20260908,300,617941,Stiglmaierplatz,3,2026-09-09 00:48:30,-60.0,2026-09-09 00:48:30,-60.0
407,2026-09-09 00:30:20.867694,1517578,20260909,513,485268,Grillparzerstraße,6,,,,
408,2026-09-09 00:30:20.867694,1169903,20260909,161,370283,Klinikum Großhadern Ost,14,,,,
409,2026-09-09 00:30:20.867694,236712,20260908,670,500127,Daglfing Bahnhof Ost,17,2026-09-09 00:05:00,0.0,2026-09-09 00:05:00,0.0
410,2026-09-09 00:30:20.867694,80906,20260909,379V,168949,Grillparzerstraße,0,,,,
411,2026-09-09 00:30:20.867694,374096,20260908,660,103672,Bergwachtstraße,9,2026-09-09 00:19:47,47.0,2026-09-09 00:19:47,47.0
412,2026-09-09 00:30:20.867694,1731559,20260908,92,635825,Ostbahnhof (Bildungszentrum),8,2026-09-09 00:28:18,18.0,2026-09-09 00:27:54,54.0
413,2026-09-09 00:30:20.867694,361422,20260909,504,168949,Grillparzerstraße,0,,,,
414,2026-09-09 00:30:20.867694,1453965,20260909,301,214807,Arabellapark,4,2026-09-09 01:10:00,0.0,2026-09-09 01:10:00,0.0
415,2026-09-09 00:30:20.867694,1284906,20260908,U2,358844,Klara-Ziegler-Bogen,10,2026-09-08 23:44:42,156.0,2026-09-08 23:44:30,144.0
416,2026-09-09 00:30:20.867694,387028,20260909,76,370283,Klinikum Großhadern Ost,13,,,,
417,2026-09-09 00:30:20.867694,161095,20260909,35,370283,Klinikum Großhadern Ost,14,,,,
418,2026-09-09 00:30:20.867694,982035,20260909,9105,370283,Klinikum Großhadern Ost,22,,,,
419,2026-09-09 00:30:20.867694,41489,20260908,814Ast,609455,Deutsches Museum,14,2026-09-09 00:12:00,0.0,2026-09-09 00:11:00,0.0
420,2026-09-09 00:30:20.867694,502672,20260909,302,168949,Grillparzerstraße,34,,,,
421,2026-09-09 00:30:20.867694,1326753,20260909,432,480615,Ehrengutstraße,7,2026-09-09 01:04:00,0.0,2026-09-09 01:03:00,0.0
422,2026-09-09 00:30:20.867694,437726,20260909,423,168949,Grillparzerstraße,0,,,,
423,2026-09-09 00:30:20.867694,610402,20260909,10,370283,Klinikum Großhadern Ost,13,,,,
424,2026-09-09 00:30:20.867694,1044291,20260909,19,485268,Grillparzerstraße,6,,,,
425,2026-09-09 00:30:20.867694,792430,20260908,50,211934,Lamprechtstraße,5,2026-09-08 23:01:07,67.0,2026-09-08 23:01:07,67.0
426,2026-09-09 00:30:20.867694,1563256,20260909,424,370283,Klinikum Großhadern Ost,13,,,,
427,2026-09-09 00:30:20.867694,1084182,20260908,5,637478,Zaunweg,21,2026-09-08 23:46:58,58.0,2026-09-08 23:46:58,58.0
428,2026-09-09 00:30:20.867694,673324,20260908,624,197422,Weddigenstraße,45,2026-09-08 23:50:36,96.0,2026-09-08 23:50:36,96.0
429,2026-09-09 00:30:20.867694,1583780,20260909,94,168949,Grillparzerstraße,0,,,,
430,2026-09-09 00:30:20.867694,1189503,20260909,8,485268,Grillparzerstraße,6,,,,
431,2026-09-09 00:30:20.867694,1593292,20260908,626,283304,Flemischweg,14,2026-09-08 23:53:00,60.0,2026-09-08 23:48:00,0.0
432,2026-09-09 00:30:20.867694,126946,20260908,2,111999,Wörthstraße,9,2026-09-08 23:50:00,0.0,2026-09-08 23:49:48,-12.0
433,2026-09-09 00:30:20.867694,501998,20260909,78,275627,Donnersbergerbrücke,2,2026-09-09 00:37:00,60.0,2026-09-09 00:36:00,0.0
434,2026-09-09 00:30:20.867694,1721468,20260908,193,564394,Chinesischer Turm,11,2026-09-09 00:22:28,28.0,2026-09-09 00:22:28,28.0
435,2026-09-09 00:30:20.867694,1277619,20260909,023,485268,Grillparzerstraße,6,,,,
436,2026-09-09 00:30:20.867694,398993,20260909,6125,481825,St.-Veit-Straße,7,2026-09-09 00:39:00,0.0,2026-09-09 00:39:00,0.0
437,2026-09-09 00:30:20.867694,609362,20260909,309,370283,Klinikum Großhadern Ost,14,,,,
438,2026-09-09 00:30:20.867694,1425763,20260909,660,370283,Klinikum Großhadern Ost,14,,,,
439,2026-09-09 00:30:20.867694,1530138,20260909,90,283304,Flemischweg,6,2026-09-09 00:30:00,0.0,2026-09-09 00:27:00,0.0
440,2026-09-09 00:30:20.867694,65983,20260908,301,455386,Dientzenhoferstraße,6,2026-09-08 23:50:20,80.0,2026-09-08 23:50:20,80.0
441,2026-09-09 00:30:20.867694,1814749,20260908,10,44167,Mariabrunner Straße,0,2026-09-08 23:01:00,0.0,,
442,2026-09-09 00:30:20.867694,1574823,20260909,5,370283,Klinikum Großhadern Ost,15,,,,
443,2026-09-09 00:30:20.867694,186646,20260908,194,343364,Augustenfelder Straße,8,2026-09-09 00:00:45,45.0,2026-09-09 00:00:30,30.0
444,2026-09-09 00:30:20.867694,1788767,20260908,M5,334408,Kriemhildenstraße,11,2026-09-08 23:43:44,44.0,2026-09-08 23:43:44,44.0
445,2026-09-09 00:30:20.867694,1788767,20260908,M5,379781,Böhmerwaldplatz,16,2026-09-08 23:50:49,49.0,2026-09-08 23:49:47,-13.0
446,2026-09-09 00:30:20.867694,523898,20260909,689,370283,Klinikum Großhadern Ost,13,,,,
447,2026-09-09 00:30:20.867694,1661448,20260909,MO1,370283,Klinikum Großhadern Ost,14,,,,
448,2026-09-09 00:30:20.867694,345814,20260908,974,500127,Daglfing Bahnhof Ost,19,2026-09-09 00:09:02,182.0,2026-09-09 00:09:02,182.0
449,2026-09-09 00:30:20.867694,1749692,20260908,423,486229,Isengaustraße,0,2026-09-09 00:27:04,64.0,,
450,2026-09-09 00:30:20.867694,207429,20260908,60,661077,Westendstraße,28,2026-09-09 00:08:21,21.0,2026-09-09 00:08:21,21.0
451,2026-09-09 00:30:20.867694,1762330,20260908,R9,252996,Gärtnerplatztheater,16,2026-09-09 00:18:00,0.0,2026-09-09 00:18:00,0.0
452,2026-09-09 00:30:20.867694,1762330,20260908,R9,361394,Rangierbahnhof,21,2026-09-09 00:24:04,64.0,2026-09-09 00:24:04,64.0
453,2026-09-09 00:30:20.867694,1096181,20260908,M36,424444,Lübecker Straße,19,2026-09-09 00:31:00,60.0,2026-09-09 00:29:00,0.0
454,2026-09-09 00:30:20.867694,686486,20260908,117,202737,Olympiaberg,27,2026-09-09 00:12:17,77.0,2026-09-09 00:12:17,77.0
455,2026-09-09 00:30:20.867694,1303435,20260908,18,85487,Hatzelweg,0,2026-09-08 23:48:00,0.0,,
456,2026-09-09 00:30:20.867694,1367024,20260908,73,196490,Maximilianeum,26,2026-09-08 23:33:06,66.0,2026-09-08 23:33:06,66.0
457,2026-09-09 00:30:20.867694,459521,20260908,514,635825,Ostbahnhof (Bildungszentrum),8,2026-09-09 00:06:37,37.0,2026-09-09 00:06:13,73.0
458,2026-09-09 00:30:20.867694,1062753,20260908,785,49872,Zaubzerstraße,6,2026-09-09 00:17:32,92.0,2026-09-09 00:17:32,92.0
459,2026-09-09 00:30:20.867694,1650594,20260909,M29,485268,Grillparzerstraße,6,,,,
460,2026-09-09 00:30:20.867694,1203162,20260908,AST,446323,Wiener Platz,2,2026-09-08 23:27:42,-18.0,2026-09-08 23:27:26,-34.0
461,2026-09-09 00:30:20.867694,1794191,20260909,358,168949,Grillparzerstraße,34,,,,
462,2026-09-09 00:30:20.867694,556417,20260908,620,216103,Mariahilfplatz,19,2026-09-09 00:06:40,10.0,2026-09-09 00:06:22,10.0
463,2026-09-09 00:30:20.867694,420120,20260909,1,370283,Klinikum Großhadern Ost,22,,,,
464,2026-09-09 00:30:20.867694,240324,20260908,55,393306,Obersendling,10,2026-09-09 00:14:27,-153.0,2026-09-09 00:14:27,-153.0
465,2026-09-09 00:30:20.867694,648344,20260908,10,53578,Berg am Laim,11,2026-09-09 00:08:37,97.0,2026-09-09 00:08:37,97.0
466,2026-09-09 00:30:20.867694,378401,20260908,248,111999,Wörthstraße,9,2026-09-08 23:35:00,0.0,2026-09-08 23:34:48,-12.0
467,2026-09-09 00:30:20.867694,1405263,20260909,70,485268,Grillparzerstraße,6,,,,
468,2026-09-09 00:30:20.867694,117498,20260909,845,27176,Truchthari-Anger,0,2026-09-09 00:09:52,172.0,,
469,2026-09-09 00:30:20.867694,918665,20260909,843,370283,Klinikum Großhadern Ost,14,,,,
470,2026-09-09 00:30:20.867694,161050,20260908,1469,292310,Nationaltheater,17,2026-09-08 23:55:00,0.0,2026-09-08 23:55:00,0.0
471,2026-09-09 00:30:20.867694,1631048,20260908,554,83676,Westfriedhof,2,,,2026-09-09 00:30:09,-29.0
472,2026-09-09 00:30:20.867694,209933,20260908,12,202737,Olympiaberg,27,2026-09-09 00:51:27,27.0,2026-09-09 00:51:27,27.0
473,2026-09-09 00:30:20.867694,26913,20260909,351,485268,Grillparzerstraße,6,,,,
474,2026-09-09 00:30:20.867694,1040085,20260909,RB64,370283,Klinikum Großhadern Ost,14,,,,
475,2026-09-09 00:30:20.867694,1285693,20260908,15,680616,Kolumbusplatz/Humboldtstraße,8,2026-09-09 00:23:49,229.0,2026-09-09 00:23:49,229.0
476,2026-09-09 00:30:20.867694,1710801,20260909,6,548103,Schlörstraße,9,2026-09-09 00:24:58,-2.0,2026-09-09 00:24:58,-2.0
477,2026-09-09 00:30:20.867694,1739900,20260909,1202,168949,Grillparzerstraße,34,,,,
478,2026-09-09 00:30:20.867694,1558882,20260909,460,168949,Grillparzerstraße,0,,,,
479,2026-09-09 00:30:20.867694,1360811,20260908,S5,347329,Helsinkistraße,0,2026-09-08 23:45:52,-8.0,,
480,2026-09-09 00:30:20.867694,1822587,20260908,RB20,451670,Hackerbrücke,20,2026-09-08 23:59:30,150.0,2026-09-08 23:59:30,150.0
481,2026-09-09 00:30:20.867694,84865,20260909,EK4,212325,Carl-Amery-Platz,14,2026-09-09 00:49:00,60.0,2026-09-09 00:48:00,0.0
482,2026-09-09 00:30:20.867694,397919,20260908,3A,241686,Pörtschacher Straße,2,2026-09-08 23:52:17,197.0,2026-09-08 23:52:17,197.0
483,2026-09-09 00:30:20.867694,409277,20260908,230,80994,Pelkovenstraße,8,2026-09-08 23:10:46,46.0,2026-09-08 23:10:46,46.0
484,2026-09-09 00:30:20.867694,1282567,20260908,SB91E,549058,Kurfürstenplatz,7,2026-09-08 23:56:48,288.0,2026-09-08 23:56:35,275.0
485,2026-09-09 00:30:20.867694,1282567,20260908,SB91E,37046,Ständlerstraße,20,2026-09-09 00:10:38,218.0,2026-09-09 00:10:38,218.0
486,2026-09-09 00:30:20.867694,844394,20260908,15,218605,Karwinskistraße West,4,2026-09-08 23:21:00,0.0,,
487,2026-09-09 00:30:20.867694,720510,20260908,26,476779,Aichacher Straße,4,2026-09-09 00:24:00,60.0,2026-09-09 00:24:00,60.0
488,2026-09-09 00:30:20.867694,1245786,20260908,85710961,283304,Flemischweg,28,2026-09-09 00:30:00,1080.0,2026-09-09 00:29:00,1080.0
489,2026-09-09 00:30:20.867694,1532757,20260909,527,168949,Grillparzerstraße,0,,,,
490,2026-09-09 00:30:20.867694,584066,20260909,33,168949,Grillparzerstraße,0,,,,
491,2026-09-09 00:30:20.867694,329778,20260908,504,397579,Arabellapark,19,2026-09-09 02:02:00,0.0,2026-09-09 02:02:00,0.0
492,2026-09-09 00:30:20.867694,286971,20260908,763,541916,Harthof,7,2026-09-09 00:07:23,-37.0,2026-09-09 00:07:02,-58.0
493,2026-09-09 00:30:20.867694,1119714,20260909,133,370283,Klinikum Großhadern Ost,13,,,,
494,2026-09-09 00:30:20.867694,796246,20260908,481,358642,Säulingstraße,12,,,2026-09-09 00:16:00,0.0
495,2026-09-09 00:30:20.867694,1728261,20260908,154,643673,Hohenzollernplatz,13,2026-09-09 00:18:38,158.0,2026-09-09 00:18:38,158.0
496,2026-09-09 00:30:20.867694,1427575,20260909,39,168949,Grillparzerstraße,34,,,,
497,2026-09-09 00:30:20.867694,1597771,20260908,RNV 23,157072,Aidenbachstraße,0,2026-09-09 00:42:30,0.0,,
498,2026-09-09 00:30:20.867694,897437,20260908,53,80994,Pelkovenstraße,8,2026-09-09 00:09:43,-17.0,2026-09-09 00:09:43,-17.0
499,2026-09-09 00:30:20.867694,482377,20260908,Flughafenbus,296478,Dachstraße,20,2026-09-09 00:42:00,0.0,2026-09-09 00:42:00,0.0
500,2026-09-09 00:30:20.867694,392066,20260908,510,3154,Karl-Schmid-Straße,0,2026-09-09 00:06:04,4.0,,
501,2026-09-09 00:30:20.867694,333179,20260909,33,370283,Klinikum Großhadern Ost,13,,,,
502,2026-09-09 00:30:20.867694,1401551,20260909,25,485268,Grillparzerstraße,6,,,,
503,2026-09-09 00:30:20.867694,1122260,20260908,210,673138,Zielstattstraße,0,2026-09-08 23:55:00,0.0,,
504,2026-09-09 00:30:20.867694,500803,20260909,6,168949,Grillparzerstraße,34,,,,
505,2026-09-09 00:30:20.867694,1392775,20260909,315,168949,Grillparzerstraße,34,,,,
506,2026-09-09 00:30:20.867694,1046620,20260908,40,662718,Leutstettener Straße,4,2026-09-09 00:30:00,0.0,2026-09-09 00:30:00,0.0
507,2026-09-09 00:30:20.867694,1343296,20260908,RNV 5,3129,Machtlfinger Straße,6,,,2026-09-08 23:54:00,0.0
508,2026-09-09 00:30:20.867694,1291369,20260909,6,168949,Grillparzerstraße,34,,,,
509,2026-09-09 00:30:20.867694,1777301,20260908,2,376788,Dorfstraße,23,2026-09-09 00:24:10,10.0,2026-09-09 00:24:10,10.0
510,2026-09-09 00:30:20.867694,1103910,20260908,5,24278,Stiglmaierplatz,1,2026-09-08 23:11:15,15.0,2026-09-08 23:11:00,0.0
511,2026-09-09 00:30:20.867694,527915,20260908,M2,22613,Freiham Bf (Süd),0,2026-09-08 23:47:00,0.0,,
512,2026-09-09 00:30:20.867694,381523,20260908,2,3129,Machtlfinger Straße,6,,,2026-09-09 00:04:00,0.0
513,2026-09-09 00:30:20.867694,881152,20260909,7580,370283,Klinikum Großhadern Ost,13,,,,
514,2026-09-09 00:30:20.867694,1800753,20260908,302,22613,Freiham Bf (Süd),0,2026-09-09 00:02:33,33.0,,
515,2026-09-09 00:30:20.867694,1523972,20260908,837,678708,Freiham,29,2026-09-09 00:21:00,0.0,2026-09-09 00:21:00,0.0
516,2026-09-09 00:30:20.867694,576051,20260909,27,370283,Klinikum Großhadern Ost,22,,,,
517,2026-09-09 00:30:20.867694,976035,20260908,163,661638,Münsinger Straße,5,2026-09-08 23:58:26,26.0,2026-09-08 23:58:26,26.0
518,2026-09-09 00:30:20.867694,803558,20260909,6,673138,Zielstattstraße,0,2026-09-09 00:26:06,66.0,,
519,2026-09-09 00:30:20.867694,1452365,20260908,425,315429,Hans-Fischer-Straße,2,2026-09-08 23:34:43,43.0,2026-09-08 23:34:43,43.0
520,2026-09-09 00:30:20.867694,526637,20260908,40,440031,Weddigenstraße,12,2026-09-08 23:58:57,57.0,2026-09-08 23:58:47,47.0
521,2026-09-09 00:30:20.867694,526637,20260908,40,210011,Am Blütenanger,27,2026-09-09 00:21:18,138.0,2026-09-09 00:21:18,138.0
522,2026-09-09 00:30:20.867694,681453,20260908,788,80994,Pelkovenstraße,44,2026-09-09 00:15:48,-12.0,2026-09-09 00:15:48,-12.0
523,2026-09-09 00:30:20.867694,364844,20260908,319,533576,Blutenburg,17,2026-09-09 00:03:19,19.0,2026-09-09 00:03:13,13.0
524,2026-09-09 00:30:20.867694,1322524,20260909,6,370283,Klinikum Großhadern Ost,13,,,,
525,2026-09-09 00:30:20.867694,512770,20260908,1952,216103,Mariahilfplatz,19,2026-09-09 01:36:30,0.0,2026-09-09 01:36:12,0.0
526,2026-09-09 00:30:20.867694,1160282,20260908,U76,206806,Ackermannstraße,11,2026-09-09 00:01:18,126.0,2026-09-09 00:00:45,117.0
527,2026-09-09 00:30:20.867694,1388387,20260908,500,432918,Schloss Nymphenburg,7,2026-09-08 23:59:42,-18.0,2026-09-08 23:59:42,-18.0
528,2026-09-09 00:30:20.867694,900696,20260909,R11,168949,Grillparzerstraße,0,,,,
529,2026-09-09 00:30:20.867694,1416818,20260908,684,483618,Glötzleweg,1,,,,
530,2026-09-09 00:30:20.867694,1797403,20260909,66,370283,Klinikum Großhadern Ost,14,,,,
531,2026-09-09 00:30:20.867694,1592446,20260908,537,324237,Kazmairstraße,23,2026-09-09 00:09:58,58.0,2026-09-09 00:09:58,58.0
532,2026-09-09 00:30:20.867694,158003,20260909,209,168949,Grillparzerstraße,0,,,,
533,2026-09-09 00:30:20.867694,113059,20260909,631,168949,Grillparzerstraße,0,,,,
534,2026-09-09 00:30:20.867694,520468,20260908,31,680616,Kolumbusplatz/Humboldtstraße,8,2026-09-09 00:50:43,43.0,2026-09-09 00:50:43,43.0
535,2026-09-09 00:30:20.867694,1727848,20260908,N5,424444,Lübecker Straße,8,2026-09-08 22:58:00,60.0,2026-09-08 22:57:00,60.0
536,2026-09-09 00:30:20.867694,113966,20260908,722,342514,Blumenau,1,2026-09-08 23:49:18,18.0,2026-09-08 23:49:18,18.0
537,2026-09-09 00:30:20.867694,1422712,20260908,516,598648,Schwanseestraße,24,,,2026-09-08 23:58:01,1.0
538,2026-09-09 00:30:20.867694,670161,20260909,43,370283,Klinikum Großhadern Ost,13,,,,
539,2026-09-09 00:30:20.867694,687857,20260909,25,370283,Klinikum Großhadern Ost,22,,,,
540,2026-09-09 00:30:20.867694,1724910,20260908,C9,505805,Otto-Hahn-Ring,4,2026-09-08 23:53:00,0.0,2026-09-08 23:53:00,0.0
541,2026-09-09 00:30:20.867694,909304,20260908,520,420207,Stettnerstraße,15,2026-09-08 23:57:32,92.0,2026-09-08 23:57:14,74.0
542,2026-09-09 00:30:20.867694,1722917,20260908,511,83676,Westfriedhof,2,,,2026-09-08 23:50:11,-27.0
543,2026-09-09 00:30:20.867694,470964,20260909,U9,485268,Grillparzerstraße,6,,,,
544,2026-09-09 00:30:20.867694,241140,20260908,17,379781,Böhmerwaldplatz,12,2026-09-08 23:40:43,-17.0,2026-09-08 23:40:23,-37.0
545,2026-09-09 00:30:20.867694,813535,20260908,480,49872,Zaubzerstraße,7,2026-09-09 00:46:01,1.0,,
546,2026-09-09 00:30:20.867694,660525,20260909,7,370283,Klinikum Großhadern Ost,22,,,,
547,2026-09-09 00:30:20.867694,294584,20260909,100,370283,Klinikum Großhadern Ost,22,,,,
548,2026-09-09 00:30:20.867694,21968,20260908,145,500127,Daglfing Bahnhof Ost,17,2026-09-09 00:35:00,0.0,2026-09-09 00:35:00,0.0
549,2026-09-09 00:30:20.867694,49372,20260908,U9,25827,Untersbergstraße,8,2026-09-09 00:25:00,0.0,2026-09-09 00:24:00,0.0
550,2026-09-09 00:30:20.867694,949418,20260908,2014,111999,Wörthstraße,9,2026-09-09 00:18:00,0.0,2026-09-09 00:17:48,-12.0
551,2026-09-09 00:30:20.867694,451787,20260908,221,584665,St.-Quirin-Platz,2,2026-09-08 23:57:23,83.0,2026-09-08 23:57:23,83.0
552,2026-09-09 00:30:20.867694,1077721,20260908,37,412513,Gautinger Straße,25,2026-09-09 00:16:54,24.0,2026-09-09 00:16:54,24.0
553,2026-09-09 00:30:20.867694,1777326,20260908,SB66,520788,Stroblstraße,18,2026-09-09 00:22:15,75.0,2026-09-09 00:22:15,75.0
554,2026-09-09 00:30:20.867694,1777326,20260908,SB66,121650,Lassallestraße,19,2026-09-09 00:26:15,75.0,2026-09-09 00:26:15,75.0
555,2026-09-09 00:30:20.867694,271533,20260908,301,94402,Allach,3,2026-09-09 00:19:37,-23.0,2026-09-09 00:19:37,-23.0
556,2026-09-09 00:30:20.867694,982613,20260908,907,635825,Ostbahnhof (Bildungszentrum),8,2026-09-09 01:12:18,18.0,2026-09-09 01:11:54,54.0
557,2026-09-09 00:30:20.867694,318695,20260909,71,370283,Klinikum Großhadern Ost,14,,,,
558,2026-09-09 00:30:20.867694,938508,20260908,4,319414,Karlsplatz (Stachus),4,2026-09-08 23:46:24,24.0,2026-09-08 23:45:25,-35.0
559,2026-09-09 00:30:20.867694,166341,20260908,450,458222,Hörweg,3,2026-09-09 00:02:24,144.0,2026-09-09 00:02:12,132.0
560,2026-09-09 00:30:20.867694,1063047,20260908,184,481825,St.-Veit-Straße,10,2026-09-08 23:39:26,386.0,2026-09-08 23:38:55,415.0
561,2026-09-09 00:30:20.867694,143631,20260909,SWPS 210,370283,Klinikum Großhadern Ost,14,,,,
562,2026-09-09 00:30:20.867694,522240,20260908,3,78089,Siedlung Ludwigsfeld,18,2026-09-08 23:50:24,24.0,2026-09-08 23:50:24,24.0
563,2026-09-09 00:30:20.867694,882574,20260908,OF-51,13452,Baumkirchner Platz,13,2026-09-09 00:30:04,64.0,2026-09-09 00:30:04,64.0
564,2026-09-09 00:30:20.867694,1066750,20260909,402,370283,Klinikum Großhadern Ost,22,,,,
565,2026-09-09 00:30:20.867694,1294089,20260908,202,83676,Westfriedhof,2,,,2026-09-09 00:00:38,0.0
566,2026-09-09 00:30:20.867694,885327,20260909,110,485268,Grillparzerstraße,6,,,,
567,2026-09-09 00:30:20.867694,1649896,20260908,91,651194,Parzivalplatz,31,,,2026-09-09 00:04:41,41.0
568,2026-09-09 00:30:20.867694,13751,20260908,163,212325,Carl-Amery-Platz,14,2026-09-09 00:18:00,0.0,2026-09-09 00:17:00,-60.0
569,2026-09-09 00:30:20.867694,459174,20260908,3,195824,Großhaderner Straße,13,2026-09-09 00:01:06,-54.0,2026-09-09 00:01:06,-54.0
570,2026-09-09 00:30:20.867694,1511918,20260908,D,41316,Englschalkinger Straße,2,2026-09-09 00:02:12,132.0,2026-09-09 00:02:12,132.0
571,2026-09-09 00:30:20.867694,923444,20260908,AST3,83676,Westfriedhof,2,,,2026-09-09 00:49:38,-4.0
572,2026-09-09 00:30:20.867694,445156,20260908,11,207607,Kreillerstraße,15,2026-09-09 00:13:39,39.0,2026-09-09 00:13:19,19.0
573,2026-09-09 00:30:20.867694,1200091,20260908,14,132168,Riem (S) Dornach,7,2026-09-09 00:45:00,0.0,2026-09-09 00:45:00,0.0
574,2026-09-09 00:30:20.867694,844370,20260908,18,541916,Harthof,7,2026-09-09 00:27:19,-41.0,2026-09-09 00:26:58,-62.0
575,2026-09-09 00:30:20.867694,1049413,20260909,141,168949,Grillparzerstraße,34,,,,
576,2026-09-09 00:30:20.867694,383263,20260909,SL18,370283,Klinikum Großhadern Ost,14,,,,
577,2026-09-09 00:30:20.867694,1520547,20260909,RE50,212325,Carl-Amery-Platz,2,2026-09-09 00:11:00,60.0,2026-09-09 00:10:00,0.0
578,2026-09-09 00:30:20.867694,424987,20260908,541,324380,Josef-Frankl-Straße,3,2026-09-08 23:53:24,0.0,,
579,2026-09-09 00:30:20.867694,1251104,20260909,9,370283,Klinikum Großhadern Ost,22,,,,
580,2026-09-09 00:30:20.867694,843654,20260908,U2,510944,Jakob-Gelb-Platz,4,2026-09-08 23:43:05,185.0,2026-09-08 23:43:05,185.0
581,2026-09-09 00:30:20.867694,638924,20260908,65,60895,Staufener Straße,20,2026-09-09 00:03:00,0.0,2026-09-09 00:03:00,0.0
582,2026-09-09 00:30:20.867694,1326598,20260908,14,324380,Josef-Frankl-Straße,3,2026-09-09 00:08:52,28.0,2026-09-09 00:08:49,25.0
583,2026-09-09 00:30:20.867694,914514,20260909,718,599031,Euro-Industriepark Nord,3,,,2026-09-09 00:46:00,-240.0
584,2026-09-09 00:30:20.867694,1298280,20260908,7572,56352,Oberföhring Post,13,2026-09-09 00:04:29,749.0,2026-09-09 00:04:29,749.0
585,2026-09-09 00:30:20.867694,956796,20260908,667,131176,Pörtschacher Straße,18,2026-09-09 00:13:47,-73.0,2026-09-09 00:13:35,-85.0
586,2026-09-09 00:30:20.867694,532912,20260908,282,512258,Partnachplatz,5,2026-09-08 23:47:00,0.0,2026-09-08 23:47:00,0.0
587,2026-09-09 00:30:20.867694,1347600,20260909,52,370283,Klinikum Großhadern Ost,13,,,,
588,2026-09-09 00:30:20.867694,1257776,20260908,613,326558,Leutstettener Straße,17,2026-09-09 00:13:31,-89.0,2026-09-09 00:11:31,-89.0
589,2026-09-09 00:30:20.867694,1728998,20260908,737,306467,Rathaus Pasing,5,2026-09-09 00:36:00,0.0,2026-09-09 00:36:00,0.0
590,2026-09-09 00:30:20.867694,1823260,20260909,N56,370283,Klinikum Großhadern Ost,15,,,,
591,2026-09-09 00:30:20.867694,701392,20260908,212,520788,Stroblstraße,18,2026-09-08 23:42:49,109.0,2026-09-08 23:42:49,109.0
592,2026-09-09 00:30:20.867694,701392,20260908,212,121650,Lassallestraße,19,2026-09-08 23:46:10,70.0,2026-09-08 23:46:10,70.0
593,2026-09-09 00:30:20.867694,93258,20260908,757,391417,"Neuherberg, FC Bayern Campus",7,2026-09-09 00:43:00,0.0,2026-09-09 00:43:00,0.0
594,2026-09-09 00:30:20.867694,100868,20260908,2,476779,Aichacher Straße,20,2026-09-09 00:37:31,31.0,2026-09-09 00:37:31,31.0
595,2026-09-09 00:30:20.867694,1230267,20260909,23,27176,Truchthari-Anger,0,,,,
596,2026-09-09 00:30:20.867694,1562418,20260908,633,476779,Aichacher Straße,20,2026-09-09 00:17:08,8.0,2026-09-09 00:17:08,8.0
597,2026-09-09 00:30:20.867694,1453421,20260909,255,168949,Grillparzerstraße,34,,,,
598,2026-09-09 00:30:20.867694,1322734,20260908,460,563225,Otto-Warburg-Straße,4,2026-09-08 23:56:24,204.0,2026-09-08 23:56:24,204.0
599,2026-09-09 00:30:20.867694,1748594,20260909,618,370283,Klinikum Großhadern Ost,13,,,,
600,2026-09-09 00:30:20.867694,1482110,20260908,450,202737,Olympiaberg,27,2026-09-09 01:31:00,0.0,2026-09-09 01:31:00,0.0
601,2026-09-09 00:30:20.867694,1250586,20260908,T5,179925,Ostbahnhof,27,2026-09-08 23:38:14,74.0,2026-09-08 23:38:14,74.0
602,2026-09-09 00:30:20.867694,1575869,20260909,5,370283,Klinikum Großhadern Ost,13,,,,
603,2026-09-09 00:30:20.867694,127679,20260908,3,494398,Schwabinger Tor,0,2026-09-08 23:53:56,56.0,,
604,2026-09-09 00:30:20.867694,151970,20260908,112,500127,Daglfing Bahnhof Ost,1,2026-09-09 00:26:00,0.0,2026-09-09 00:26:00,0.0
605,2026-09-09 00:30:20.867694,633445,20260908,38,168097,"Leienfelsstraße, München",9,2026-09-09 00:10:00,0.0,,
606,2026-09-09 00:30:20.867694,151424,20260908,14,524631,Olympia-Einkaufszentrum,4,2026-09-09 00:06:00,0.0,2026-09-09 00:05:38,-22.0
607,2026-09-09 00:30:20.867694,1537295,20260908,X21,260692,Daphnestraße,7,2026-09-08 23:35:25,85.0,2026-09-08 23:35:25,85.0
608,2026-09-09 00:30:20.867694,1184554,20260909,18,370283,Klinikum Großhadern Ost,13,,,,
609,2026-09-09 00:30:20.867694,937852,20260908,1701,336776,Herzog-Ernst-Platz,9,2026-09-08 23:52:16,16.0,2026-09-08 23:52:16,16.0
610,2026-09-09 00:30:20.867694,297382,20260908,627,60895,Staufener Straße,21,2026-09-08 23:48:00,0.0,2026-09-08 23:48:00,0.0
611,2026-09-09 00:30:20.867694,209790,20260908,96,182152,Vogesenstraße,5,2026-09-09 00:02:37,7.0,2026-09-09 00:02:37,7.0
612,2026-09-09 00:30:20.867694,1634574,20260909,440,168949,Grillparzerstraße,34,,,,
613,2026-09-09 00:30:20.867694,1048988,20260908,840,319414,Karlsplatz (Stachus),4,2026-09-08 23:32:42,102.0,2026-09-08 23:32:42,102.0
614,2026-09-09 00:30:20.867694,1302128,20260908,21,311751,Asmarstraße,15,,,,
615,2026-09-09 00:30:20.867694,1799694,20260909,473,168949,Grillparzerstraße,34,,,,
616,2026-09-09 00:30:20.867694,1073671,20260908,626,338336,Georg-Brauchle-Ring,18,2026-09-08 23:37:21,141.0,,
617,2026-09-09 00:30:20.867694,1247189,20260908,N16,390350,Infanteriestraße Süd,2,2026-09-08 23:38:00,0.0,2026-09-08 23:38:00,0.0
618,2026-09-09 00:30:20.867694,699401,20260909,66,168949,Grillparzerstraße,0,,,,
619,2026-09-09 00:30:20.867694,1723295,20260908,4,283755,BMW-FIZ,1,2026-09-09 00:12:00,60.0,2026-09-09 00:12:00,60.0
620,2026-09-09 00:30:20.867694,1723295,20260908,4,315734,Klagenfurter Straße,4,2026-09-09 00:15:46,106.0,2026-09-09 00:15:30,90.0
621,2026-09-09 00:30:20.867694,1413502,20260909,170,168949,Grillparzerstraße,34,,,,
622,2026-09-09 00:30:20.867694,835385,20260908,851,566993,Maillingerstraße,27,2026-09-09 00:08:15,75.0,2026-09-09 00:08:15,75.0
623,2026-09-09 00:30:20.867694,1137101,20260908,287,132971,Pappelallee,26,2026-09-08 23:39:00,0.0,2026-09-08 23:38:56,-4.0
624,2026-09-09 00:30:20.867694,1545745,20260908,RNV 5,249322,Erlbachstraße,25,,,,
625,2026-09-09 00:30:20.867694,222370,20260909,82,485268,Grillparzerstraße,6,,,,
626,2026-09-09 00:30:20.867694,1556803,20260908,M46,27638,Hauptbahnhof Nord,3,2026-09-09 00:49:00,0.0,2026-09-09 00:49:00,0.0
627,2026-09-09 00:30:20.867694,1102771,20260908,41,111999,Wörthstraße,9,2026-09-09 00:33:00,0.0,2026-09-09 00:32:48,-12.0
628,2026-09-09 00:30:20.867694,1620545,20260908,94,628991,Fürstenried West,6,2026-09-09 00:21:00,0.0,2026-09-09 00:20:25,-35.0
629,2026-09-09 00:30:20.867694,1485055,20260908,3B,342566,Neumarkter Straße,12,2026-09-08 23:44:54,114.0,2026-09-08 23:44:54,114.0
630,2026-09-09 00:30:20.867694,1485055,20260908,3B,486229,Isengaustraße,19,2026-09-09 00:03:42,42.0,2026-09-09 00:03:42,42.0
631,2026-09-09 00:30:20.867694,75183,20260908,58,481825,St.-Veit-Straße,10,2026-09-08 21:37:56,296.0,2026-09-08 21:37:30,330.0
632,2026-09-09 00:30:20.867694,518969,20260909,41,370283,Klinikum Großhadern Ost,22,,,,
633,2026-09-09 00:30:20.867694,1143658,20260908,1,379781,Böhmerwaldplatz,23,2026-09-08 23:49:21,81.0,2026-09-08 23:48:39,39.0
634,2026-09-09 00:30:20.867694,9328,20260909,6303,168949,Grillparzerstraße,0,,,,
635,2026-09-09 00:30:20.867694,64738,20260908,400,397579,Arabellapark,19,2026-09-09 01:32:00,0.0,2026-09-09 01:32:00,0.0
636,2026-09-09 00:30:20.867694,1303444,20260908,192,662718,Leutstettener Straße,4,2026-09-08 23:50:56,56.0,2026-09-08 23:50:56,56.0
637,2026-09-09 00:30:20.867694,1835827,20260908,415,80994,Pelkovenstraße,44,2026-09-09 00:46:00,0.0,2026-09-09 00:46:00,0.0
638,2026-09-09 00:30:20.867694,227433,20260909,521,168949,Grillparzerstraße,0,,,,
639,2026-09-09 00:30:20.867694,1666892,20260909,286,370283,Klinikum Großhadern Ost,22,,,,
640,2026-09-09 00:30:20.867694,1774879,20260908,AST594,179248,Johanneskirchner Straße,45,2026-09-09 00:02:00,0.0,2026-09-09 00:02:00,0.0
641,2026-09-09 00:30:20.867694,350806,20260908,471,598648,Schwanseestraße,17,,,2026-09-09 00:29:00,0.0
642,2026-09-09 00:30:20.867694,354288,20260909,100,168949,Grillparzerstraße,0,,,,
643,2026-09-09 00:30:20.867694,189609,20260908,275,649893,Heckenstallerstraße,4,2026-09-09 00:17:59,59.0,2026-09-09 00:17:36,36.0
644,2026-09-09 00:30:20.867694,391783,20260908,548,3129,Machtlfinger Straße,6,,,2026-09-08 23:44:53,53.0
645,2026-09-09 00:30:20.867694,682320,20260908,041,71007,Halligenplatz,9,2026-09-08 23:49:03,63.0,2026-09-08 23:49:03,63.0
646,2026-09-09 00:30:20.867694,970490,20260908,245,393482,Isarring,0,2026-09-09 00:35:30,30.0,,
647,2026-09-09 00:30:20.867694,544617,20260908,63,407747,Umschlagbahnhof,0,2026-09-09 00:28:48,48.0,,
648,2026-09-09 00:30:20.867694,1385507,20260909,8410,168949,Grillparzerstraße,34,,,,
649,2026-09-09 00:30:20.867694,1290081,20260908,16,268131,Siegenburger Straße,10,2026-09-08 23:47:00,0.0,2026-09-08 23:47:00,0.0
650,2026-09-09 00:30:20.867694,122872,20260908,654,27638,Hauptbahnhof Nord,3,2026-09-09 00:19:00,0.0,2026-09-09 00:19:00,0.0
651,2026-09-09 00:30:20.867694,910628,20260908,490,429702,Warschauer Straße,21,2026-09-09 00:09:51,51.0,2026-09-09 00:09:33,33.0
652,2026-09-09 00:30:20.867694,594689,20260908,366,101485,Kreillerstraße,14,2026-09-08 23:40:05,425.0,2026-09-08 23:40:02,422.0
653,2026-09-09 00:30:20.867694,57276,20260908,125,14413,Ganghoferbrücke,4,2026-09-09 00:41:00,0.0,2026-09-09 00:41:00,0.0
654,2026-09-09 00:30:20.867694,57276,20260908,125,144557,Korbinianplatz,15,2026-09-09 00:53:48,48.0,2026-09-09 00:53:42,42.0
655,2026-09-09 00:30:20.867694,1315048,20260908,U76,566993,Maillingerstraße,21,2026-09-09 00:05:00,0.0,2026-09-09 00:05:00,0.0
656,2026-09-09 00:30:20.867694,1699053,20260908,2992,662718,Leutstettener Straße,4,2026-09-09 00:50:00,0.0,2026-09-09 00:50:00,0.0
657,2026-09-09 00:30:20.867694,1091069,20260908,U2,563225,Otto-Warburg-Straße,4,2026-09-09 00:47:00,0.0,2026-09-09 00:47:00,0.0
658,2026-09-09 00:30:20.867694,630795,20260908,9,554866,Bertha-von-Suttner-Weg,21,2026-09-09 01:14:00,0.0,2026-09-09 01:14:00,0.0
659,2026-09-09 00:30:20.867694,630795,20260908,9,337838,Herzog-Ernst-Platz,23,2026-09-09 01:19:00,0.0,2026-09-09 01:19:00,0.0
660,2026-09-09 00:30:20.867694,1815045,20260909,6,168949,Grillparzerstraße,30,,,,
661,2026-09-09 00:30:20.867694,155033,20260908,692,182036,Veldensteinstraße,22,2026-09-09 00:05:54,144.0,2026-09-09 00:05:54,144.0
662,2026-09-09 00:30:20.867694,1344761,20260909,U2,168949,Grillparzerstraße,0,,,,
663,2026-09-09 00:30:20.867694,1032684,20260909,X30,168949,Grillparzerstraße,0,,,,
664,2026-09-09 00:30:20.867694,795627,20260909,89,370283,Klinikum Großhadern Ost,14,,,,
665,2026-09-09 00:30:20.867694,484981,20260909,U3,168949,Grillparzerstraße,34,,,,
666,2026-09-09 00:30:20.867694,1091163,20260908,741,604092,Technische Universität,0,2026-09-08 23:35:05,65.0,,
667,2026-09-09 00:30:20.867694,846111,20260908,696,628991,Fürstenried West,6,2026-09-08 23:51:00,0.0,2026-09-08 23:50:56,-4.0
668,2026-09-09 00:30:20.867694,1174840,20260908,64,446323,Wiener Platz,2,2026-09-08 23:58:53,53.0,2026-09-08 23:58:53,53.0
669,2026-09-09 00:30:20.867694,482367,20260909,540,485268,Grillparzerstraße,6,,,,
670,2026-09-09 00:30:20.867694,682080,20260908,172,207607,Kreillerstraße,22,2026-09-09 00:11:57,117.0,2026-09-09 00:11:27,87.0
671,2026-09-09 00:30:20.867694,1516551,20260908,16,429359,Eduard-Schmid-Straße,21,2026-09-08 23:55:01,61.0,2026-09-08 23:54:48,48.0
672,2026-09-09 00:30:20.867694,333443,20260909,U2,168949,Grillparzerstraße,34,,,,
673,2026-09-09 00:30:20.867694,1675172,20260908,90,270939,Ostbahnhof,10,2026-09-08 23:51:51,-9.0,2026-09-08 23:51:51,-9.0
674,2026-09-09 00:30:20.867694,1539002,20260908,41,311751,Asmarstraße,12,,,,
675,2026-09-09 00:30:20.867694,1122286,20260909,019,168949,Grillparzerstraße,0,,,,
676,2026-09-09 00:30:20.867694,96315,20260908,302,535034,Pinakotheken,22,2026-09-09 00:06:52,52.0,2026-09-09 00:06:27,27.0
677,2026-09-09 00:30:20.867694,120290,20260909,U17,485268,Grillparzerstraße,6,,,,
678,2026-09-09 00:30:20.867694,798222,20260908,U5,438191,Thiemestraße,11,2026-09-08 23:46:08,68.0,2026-09-08 23:46:08,68.0
679,2026-09-09 00:30:20.867694,380657,20260908,455,489876,Königsplatz,2,2026-09-08 23:58:47,-13.0,2026-09-08 23:58:35,-25.0
680,2026-09-09 00:30:20.867694,380657,20260908,455,68739,Kurfürstenplatz,3,2026-09-08 23:59:38,-22.0,2026-09-08 23:59:28,-32.0
681,2026-09-09 00:30:20.867694,70761,20260909,1,370283,Klinikum Großhadern Ost,14,,,,
682,2026-09-09 00:30:20.867694,1778673,20260909,26,168949,Grillparzerstraße,34,,,,
683,2026-09-09 00:30:20.867694,1426527,20260909,62,168949,Grillparzerstraße,34,,,,
684,2026-09-09 00:30:20.867694,584960,20260908,3,549359,Agnes-Bernauer-Platz,5,2026-09-08 23:52:50,410.0,2026-09-08 23:52:50,410.0
685,2026-09-09 00:30:20.867694,1672576,20260908,454,261504,Karl-Hänel-Straße,43,2026-09-09 00:18:00,60.0,2026-09-09 00:16:00,0.0
686,2026-09-09 00:30:20.867694,1308657,20260909,702,370283,Klinikum Großhadern Ost,13,,,,
687,2026-09-09 00:30:20.867694,99897,20260909,18,485268,Grillparzerstraße,6,,,,
688,2026-09-09 00:30:20.867694,1084312,20260908,1410,206806,Ackermannstraße,11,2026-09-09 00:45:06,0.0,2026-09-09 00:44:42,0.0
689,2026-09-09 00:30:20.867694,1558208,20260908,348,8765,Basler Straße,2,2026-09-09 00:25:00,0.0,2026-09-09 00:25:00,0.0
690,2026-09-09 00:30:20.867694,228539,20260909,364,168949,Grillparzerstraße,0,,,,
691,2026-09-09 00:30:20.867694,199340,20260909,M37,370283,Klinikum Großhadern Ost,14,,,,
692,2026-09-09 00:30:20.867694,1494440,20260909,714,168949,Grillparzerstraße,0,,,,
693,2026-09-09 00:30:20.867694,703212,20260908,433,157072,Aidenbachstraße,0,2026-09-09 00:18:30,0.0,,
694,2026-09-09 00:30:20.867694,281235,20260909,18,485268,Grillparzerstraße,6,,,,
695,2026-09-09 00:30:20.867694,79550,20260909,U13,168949,Grillparzerstraße,34,,,,
696,2026-09-09 00:30:20.867694,1318757,20260909,300,168949,Grillparzerstraße,34,,,,
697,2026-09-09 00:30:20.867694,32287,20260909,260,370283,Klinikum Großhadern Ost,14,,,,
698,2026-09-09 00:30:20.867694,982152,20260909,M4,168949,Grillparzerstraße,0,,,,
699,2026-09-09 00:30:20.867694,1311736,20260908,880.1,78089,Siedlung Ludwigsfeld,18,2026-09-09 00:12:56,176.0,2026-09-09 00:12:56,176.0
700,2026-09-09 00:30:20.867694,872890,20260909,7440,370283,Klinikum Großhadern Ost,13,,,,
701,2026-09-09 00:30:20.867694,1606433,20260908,1512,44167,Mariabrunner Straße,39,,,2026-09-09 00:09:00,-180.0
702,2026-09-09 00:30:20.867694,1546808,20260908,578,400722,Kapuzinerstraße,0,2026-09-09 00:07:09,69.0,,
703,2026-09-09 00:30:20.867694,1292885,20260909,640,485268,Grillparzerstraße,6,,,,
704,2026-09-09 00:30:20.867694,246794,20260908,183,376788,Dorfstraße,23,2026-09-08 23:54:01,1.0,2026-09-08 23:54:01,1.0
705,2026-09-09 00:30:20.867694,705090,20260908,5,178732,Maistraße,0,2026-09-09 00:11:15,195.0,,
706,2026-09-09 00:30:20.867694,802324,20260908,340,604092,Technische Universität,0,2026-09-08 23:35:23,23.0,,
707,2026-09-09 00:30:20.867694,540853,20260908,146,637799,Regina-Ullmann-Straße,6,2026-09-09 00:01:59,59.0,2026-09-09 00:01:59,59.0
708,2026-09-09 00:30:20.867694,850289,20260909,211,485268,Grillparzerstraße,6,,,,
709,2026-09-09 00:30:20.867694,265245,20260909,2,370283,Klinikum Großhadern Ost,22,,,,
710,2026-09-09 00:30:20.867694,760301,20260909,U4,370283,Klinikum Großhadern Ost,15,,,,
711,2026-09-09 00:30:20.867694,612011,20260908,RNV 77,449723,Neuperlach Zentrum,12,2026-09-09 00:22:46,286.0,2026-09-09 00:22:46,286.0
712,2026-09-09 00:30:20.867694,1517103,20260908,U6,451670,Hackerbrücke,14,2026-09-09 00:21:20,200.0,2026-09-09 00:21:20,200.0
713,2026-09-09 00:30:20.867694,1464845,20260909,191,370283,Klinikum Großhadern Ost,13,,,,
714,2026-09-09 00:30:20.867694,1807341,20260908,41,524631,Olympia-Einkaufszentrum,1,2026-09-08 23:56:00,0.0,2026-09-08 23:55:38,-22.0
715,2026-09-09 00:30:20.867694,1541286,20260908,118,283304,Flemischweg,8,,,2026-09-09 00:18:00,420.0
716,2026-09-09 00:30:20.867694,1682301,20260909,566,168949,Grillparzerstraße,0,,,,
717,2026-09-09 00:30:20.867694,671731,20260908,18,8765,Basler Straße,2,2026-09-09 00:55:00,0.0,2026-09-09 00:55:00,0.0
718,2026-09-09 00:30:20.867694,1044936,20260909,255,168949,Grillparzerstraße,0,,,,
719,2026-09-09 00:30:20.867694,1701619,20260909,U7,370283,Klinikum Großhadern Ost,13,,,,
720,2026-09-09 00:30:20.867694,1288733,20260908,T22,598648,Schwanseestraße,17,,,2026-09-09 00:49:00,0.0
721,2026-09-09 00:30:20.867694,851062,20260908,3,141528,Schlörstraße,20,2026-09-09 00:05:42,12.0,2026-09-09 00:05:41,11.0
722,2026-09-09 00:30:20.867694,446500,20260909,2966,370283,Klinikum Großhadern Ost,22,,,,
723,2026-09-09 00:30:20.867694,1707278,20260908,1163 Rufbus,319414,Karlsplatz (Stachus),21,,,,
724,2026-09-09 00:30:20.867694,283885,20260909,TB278,485268,Grillparzerstraße,6,,,,
725,2026-09-09 00:30:20.867694,384836,20260908,25,491687,Sonnentaustraße,13,2026-09-09 00:15:12,12.0,2026-09-09 00:15:12,12.0
726,2026-09-09 00:30:20.867694,1321786,20260908,53,4327,Altenburgstraße,24,2026-09-09 00:15:35,275.0,2026-09-09 00:15:20,260.0
727,2026-09-09 00:30:20.867694,979821,20260908,81,494287,Hermann-Gmeiner-Weg,7,2026-09-09 00:12:53,293.0,2026-09-09 00:12:40,280.0
728,2026-09-09 00:30:20.867694,751349,20260908,1,336776,Herzog-Ernst-Platz,9,2026-09-08 23:31:11,-49.0,2026-09-08 23:30:56,-64.0
729,2026-09-09 00:30:20.867694,884215,20260909,57,168949,Grillparzerstraße,0,,,,
730,2026-09-09 00:30:20.867694,470353,20260908,10,66210,Wintrichring,34,2026-09-09 00:00:00,0.0,2026-09-09 00:00:00,0.0
731,2026-09-09 00:30:20.867694,441539,20260909,155,168949,Grillparzerstraße,0,,,,
732,2026-09-09 00:30:20.867694,449496,20260909,957,370283,Klinikum Großhadern Ost,14,,,,
733,2026-09-09 00:30:20.867694,881807,20260909,89,485268,Grillparzerstraße,6,,,,
734,2026-09-09 00:30:20.867694,809317,20260908,435,253878,Riederstraße,11,2026-09-08 23:59:31,91.0,2026-09-08 23:59:31,91.0
735,2026-09-09 00:30:20.867694,1792620,20260908,18,41316,Englschalkinger Straße,8,2026-09-09 00:23:33,-87.0,2026-09-09 00:23:23,-97.0
736,2026-09-09 00:30:20.867694,1441838,20260908,M11,80994,Pelkovenstraße,8,2026-09-08 23:40:09,9.0,2026-09-08 23:40:09,9.0
737,2026-09-09 00:30:20.867694,424292,20260908,301,463683,Freiham,3,2026-09-08 23:23:00,0.0,2026-09-08 23:23:00,0.0
738,2026-09-09 00:30:20.867694,68190,20260908,976,302655,"Berg am Laim, München",8,2026-09-08 23:26:00,0.0,2026-09-08 23:26:00,0.0
739,2026-09-09 00:30:20.867694,1687930,20260909,M43,283304,Flemischweg,14,2026-09-09 00:52:00,0.0,2026-09-09 00:49:00,60.0
740,2026-09-09 00:30:20.867694,1244594,20260909,U76,370283,Klinikum Großhadern Ost,22,,,,
741,2026-09-09 00:30:20.867694,910941,20260909,RB36,370283,Klinikum Großhadern Ost,13,,,,
742,2026-09-09 00:30:20.867694,1626511,20260908,133,325858,Waldfriedhof Haupteingang,23,2026-09-09 00:11:03,3.0,2026-09-09 00:11:03,3.0
